total_meters,price,floor,floors_count,rooms_count
32.0,13590000,10,18,1
35.5,12000000,3,17,1
35.4,13880000,3,17,1
42.5,7150000,5,9,1
37.5,7800000,3,19,1
54.8,40948000,8,13,1
26.6,7500000,2,9,1
20.5,4270000,1,22,1
44.4,18000000,2,20,1
41.1,33000000,16,36,1
40.8,11400000,9,16,1
35.0,25800000,8,9,1
29.0,37000000,5,6,1
40.0,11500000,11,20,1
57.7,78000000,2,8,1
44.5,17900000,4,22,1
36.9,8800000,7,9,1
32.0,16700000,6,9,1
40.0,8490000,6,12,1
65.0,29000000,23,38,1
31.0,9500000,3,5,1
34.7,10000000,9,9,1
61.3,42900000,11,12,1
30.1,9999999,5,5,1
38.0,10499000,6,16,1
31.4,9200000,1,5,1
35.0,8500000,8,12,1
70.0,35700000,13,21,1
35.1,15950000,5,12,1
22.54,6500000,11,25,1
44.9,5800000,3,3,1
40.0,11600000,22,24,1
39.1,10500000,11,18,1
38.1,11900000,11,17,1
32.0,18700000,11,28,1
32.8,8560000,1,9,1
42.7,27700000,8,11,1
34.1,19000000,5,12,1
35.3,8990000,5,12,1
34.0,25700000,4,8,1
31.5,10700000,8,14,1
19.5,4150000,1,22,1
34.7,5400000,2,3,1
45.3,23900000,9,31,1
46.7,10750000,17,17,1
38.8,22600000,18,24,1
43.3,27200000,10,15,1
39.0,9450000,2,14,1
57.0,35000000,3,29,1
36.0,9900000,9,9,1
34.0,9000000,1,12,1
36.8,20000000,9,12,1
41.0,11500000,2,12,1
39.1,8500000,1,14,1
32.5,13100000,3,9,1
32.0,5380000,2,3,1
34.9,13000000,9,12,1
42.1,18500000,4,4,1
41.5,39000000,11,21,1
39.0,13200000,16,24,1
31.9,17490000,9,23,1
35.9,18600000,23,23,1
39.5,10250000,9,12,1
30.7,8600000,1,12,1
41.0,13000000,12,25,1
35.0,11990000,2,12,1
24.0,12800000,1,29,1
37.0,15200000,15,24,1
50.0,22000000,2,33,1
41.0,22600000,2,18,1
32.9,9000000,4,10,1
36.4,13250000,3,10,1
45.0,22550000,5,18,1
42.0,8700000,7,17,1
38.0,30400000,3,15,1
33.0,7050000,4,9,1
38.3,10400000,1,12,1
30.0,6470000,9,12,1
33.0,11200000,9,9,1
27.0,12300000,16,17,1
36.0,9500000,9,12,1
37.2,19999999,1,9,1
39.5,12800000,9,24,1
41.0,29900000,7,22,1
29.7,10900000,8,12,1
37.3,21200000,2,30,1
32.1,9600000,7,9,1
34.4,10000000,13,18,1
38.79,11700000,12,12,1
31.4,15000000,5,9,1
30.3,16000000,16,24,1
33.7,17500000,5,9,1
41.0,12950000,10,17,1
41.8,42500000,7,8,1
33.0,15490000,9,9,1
33.0,9000000,9,9,1
37.0,14999000,12,31,1
36.0,15250000,3,13,1
34.0,9990000,1,5,1
37.0,14200000,2,22,1
35.0,12300000,12,14,1
43.2,17200000,15,23,1
48.0,25000000,13,30,1
32.0,17500000,22,25,1
46.0,15500000,7,10,1
60.0,26000000,3,6,1
66.3,34000000,8,9,1
41.3,9700000,5,12,1
41.5,10400000,8,13,1
47.0,31700000,15,29,1
34.1,17990000,2,15,1
52.0,17000000,6,12,1
37.9,19000000,9,25,1
30.5,17000000,6,8,1
57.9,37800000,4,29,1
43.8,11300000,5,14,1
34.6,10500000,9,9,1
43.1,21500000,3,20,1
63.0,55000000,12,34,1
35.2,10500000,12,12,1
32.5,7800000,1,9,1
36.8,8200000,2,14,1
35.0,8200000,11,12,1
38.3,10400000,12,24,1
31.8,21000000,5,34,1
33.0,10500000,6,9,1
33.1,10900000,2,18,1
41.0,16900000,11,16,1
37.0,11000000,7,16,1
32.6,8800000,3,9,1
43.6,17150000,10,15,1
35.1,9300000,5,12,1
39.0,16000000,16,17,1
36.0,15000000,5,9,1
30.0,9800000,3,9,1
35.6,13500000,12,15,1
43.0,9750000,1,3,1
32.0,11550000,1,8,1
30.2,10850000,6,8,1
35.0,10499000,2,3,1
35.1,12899000,4,24,1
30.0,8900000,5,5,1
37.6,11300000,2,16,1
39.4,9100000,1,14,1
45.0,18990000,2,20,1
39.6,11500000,8,17,1
51.7,11800000,9,14,1
38.1,13500000,7,15,1
39.4,9000000,6,21,1
32.4,9590000,9,9,1
34.0,13990000,2,5,1
38.7,10500000,6,16,1
35.0,10300000,12,12,1
31.3,10400000,5,9,1
37.7,11990000,7,19,1
38.4,13590000,12,23,1
45.8,10500000,5,16,1
30.8,6500000,1,3,1
39.0,18490000,14,19,1
32.9,9100000,7,9,1
36.6,8500000,9,12,1
32.5,9900000,5,9,1
38.1,12990000,16,17,1
37.0,29300000,6,23,1
39.0,13200000,17,18,1
38.0,13300000,10,17,1
47.0,20990000,9,34,1
30.0,10150000,2,5,1
42.0,11950000,9,12,1
34.4,8700000,2,9,1
35.2,23800000,6,20,1
46.7,17600000,20,25,1
29.9,9500000,1,5,1
40.8,9900000,5,18,1
34.0,19980000,16,33,1
38.5,13500000,6,8,1
40.0,19800000,8,31,1
31.6,10350000,1,9,1
39.0,10949000,16,24,1
42.5,15900000,1,11,1
40.0,15900000,13,14,1
40.5,11200000,11,19,1
34.0,8200000,8,9,1
46.0,25500000,2,23,1
35.5,8400000,8,22,1
36.0,10300000,3,9,1
36.0,13500000,3,15,1
33.0,10199000,9,9,1
58.4,16900000,7,10,1
29.4,11800000,5,9,1
29.7,12750000,4,9,1
36.1,22000000,15,20,1
38.1,9350000,1,17,1
32.7,10500000,3,9,1
30.1,23990000,22,32,1
40.0,14700000,2,16,1
46.3,21000000,14,34,1
40.0,25000000,3,26,1
35.7,17300000,11,16,1
34.2,15790000,12,12,1
37.9,11499999,16,20,1
38.65,20000000,7,22,1
35.0,9950000,12,12,1
31.8,11900000,5,8,1
38.9,11500000,3,14,1
52.8,16500000,5,5,1
39.5,14800000,9,17,1
49.0,31000000,12,14,1
37.8,12950000,9,17,1
45.5,32500000,6,14,1
45.0,34900000,13,15,1
46.0,11111111,4,14,1
18.5,6900000,14,16,1
44.9,8200000,13,16,1
38.5,9500000,17,18,1
32.8,8500000,9,9,1
31.8,8790000,15,16,1
41.0,7800000,7,8,1
30.0,9000000,2,2,1
34.8,9300000,8,9,1
38.0,12100000,3,17,1
38.4,9500000,5,17,1
36.5,9499999,6,18,1
39.8,14370000,5,24,1
32.8,9950000,9,9,1
37.0,10200000,10,12,1
42.1,15300000,18,33,1
38.8,10300000,9,18,1
36.3,10500000,5,15,1
37.7,8700000,10,19,1
36.8,10500000,21,23,1
31.6,10650000,14,25,1
38.5,13800000,12,17,1
38.0,10800000,9,17,1
32.4,10999000,4,9,1
34.4,8000000,12,16,1
46.9,10900000,4,17,1
30.5,10990000,1,5,1
38.0,11999999,15,17,1
30.9,10990000,6,9,1
34.5,11490000,6,16,1
37.5,11000000,8,17,1
34.2,11500000,12,22,1
37.7,11700000,6,17,1
52.4,15800000,5,5,1
36.1,11700000,12,16,1
34.2,11800000,6,14,1
33.0,9500000,9,9,1
31.6,12000000,6,12,1
34.8,12000000,2,12,1
40.0,12250000,8,20,1
37.8,12300000,9,17,1
33.0,8980000,3,5,1
34.8,13200000,3,23,1
33.0,9990000,3,9,1
41.1,17300000,17,18,1
36.0,18499000,14,20,1
29.9,12800000,2,8,1
39.9,15400000,24,25,1
39.3,9300000,5,14,1
40.9,15600000,13,25,1
30.6,13000000,3,5,1
46.2,15950000,2,8,1
33.1,6000000,1,9,1
34.0,13450000,5,9,1
37.4,18000000,15,19,1
46.0,11300000,6,15,1
32.5,13350000,20,23,1
32.0,12350000,10,33,1
32.7,15500000,4,9,1
38.1,14700000,9,17,1
48.9,18900000,8,24,1
43.7,12400000,1,17,1
35.0,10499000,8,12,1
38.0,12990000,10,17,1
38.5,21300000,2,25,1
37.0,20500000,4,33,1
35.2,12950000,8,9,1
38.0,19100000,13,23,1
57.0,16500000,7,31,1
34.0,14000000,7,16,1
47.0,27300000,6,24,1
37.8,9900000,14,17,1
42.2,23500000,2,29,1
35.1,6300000,2,3,1
40.2,12600000,20,25,1
40.9,24250000,15,29,1
31.0,13100000,8,9,1
42.1,29900000,9,21,1
38.1,14750000,17,22,1
37.2,22650000,19,26,1
40.6,16500000,23,30,1
32.0,7950000,13,14,1
39.0,19000000,15,20,1
56.0,28000000,15,17,1
27.0,9000000,5,9,1
36.5,21700000,25,39,1
39.0,10990000,5,19,1
28.4,17950000,2,30,1
39.0,13200000,13,22,1
42.4,29800000,13,33,1
39.0,18499000,3,12,1
29.0,11600000,2,5,1
39.0,15400000,21,25,1
40.0,13800000,10,17,1
30.0,7100000,2,6,1
50.2,75000000,6,21,1
27.73,41490000,4,10,1
35.5,9950000,10,12,1
52.44,74990000,4,10,1
35.1,34900000,21,21,1
38.2,13200000,21,22,1
38.0,25900000,3,4,1
30.0,14200000,3,9,1
41.3,20900000,16,25,1
32.6,20950000,4,9,1
40.0,11700000,20,23,1
34.9,10700000,5,9,1
40.0,11900000,4,14,1
40.0,19000000,22,24,1
55.3,65000000,4,6,1
38.0,23600000,24,26,1
32.7,12450000,9,9,1
35.4,10000000,4,15,1
34.8,14500000,2,12,1
35.0,8000000,13,13,1
41.4,11000000,12,17,1
27.0,12300000,12,16,1
30.3,12200000,1,5,1
33.6,10500000,12,14,1
19.7,8500000,10,22,1
40.6,15500000,4,30,1
34.7,9200000,2,9,1
36.0,12000000,12,19,1
35.5,9350000,4,12,1
30.7,11000000,6,9,1
39.9,12800000,2,23,1
37.7,13300000,3,17,1
34.0,9200000,8,12,1
36.0,10500000,11,16,1
32.0,12000000,2,5,1
36.0,11350000,7,32,1
34.0,14650000,8,9,1
40.5,8950000,10,15,1
41.3,12500000,9,17,1
48.6,14000000,17,31,1
36.0,19500000,7,14,1
34.4,9200000,12,12,1
34.5,13500000,4,16,1
29.0,15500000,2,9,1
41.0,11350000,5,20,1
32.4,9900000,12,12,1
37.0,13990000,16,17,1
40.0,11490000,16,18,1
37.7,14990000,10,24,1
32.9,10900000,7,9,1
38.0,12400000,11,14,1
37.8,12500000,1,16,1
32.0,13800000,2,25,1
34.0,15700000,7,26,1
35.8,8980000,14,14,1
41.8,14700000,11,19,1
33.8,11150000,9,9,1
27.5,9300000,6,9,1
33.0,9465000,3,10,1
32.9,10300000,1,9,1
35.1,10000000,2,9,1
32.7,12000000,3,9,1
39.6,11600000,16,18,1
37.4,11000000,3,16,1
39.0,13400000,13,22,1
42.7,11990000,2,15,1
40.0,12600000,14,14,1
37.0,11500000,8,12,1
30.9,8299000,16,17,1
34.2,9500000,12,17,1
18.6,10500000,5,7,1
31.2,19500000,10,25,1
32.0,12800000,5,9,1
36.0,11999999,4,12,1
50.5,39000000,3,5,1
38.0,9500000,11,17,1
33.0,9500000,4,5,1
38.5,20000000,12,20,1
36.0,15000000,14,14,1
44.3,20821000,2,6,1
21.0,11600000,1,8,1
40.0,38000000,9,14,1
42.0,10350000,1,3,1
40.0,10900000,7,24,1
35.0,10800000,14,16,1
35.0,18100000,7,10,1
38.7,13500000,7,9,1
44.6,10333000,1,3,1
41.1,13700000,14,15,1
31.3,8900000,3,9,1
33.4,20990000,4,26,1
30.5,15300000,1,5,1
40.9,11499000,24,24,1
44.3,35300000,9,21,1
37.4,20800000,3,25,1
48.5,17000000,2,17,1
31.0,31450000,2,5,1
37.0,10800000,1,17,1
37.8,11500000,1,9,1
37.2,10700000,12,22,1
38.0,11400000,14,16,1
42.3,13000000,14,22,1
28.0,10200000,1,21,1
52.8,17399999,7,18,1
34.8,12499999,2,14,1
29.6,9800000,3,9,1
48.5,20600000,14,24,1
35.0,15500000,5,12,1
43.0,17900000,2,21,1
45.1,23800000,2,24,1
37.0,14200000,5,8,1
39.1,9990000,5,17,1
37.0,36000000,4,4,1
38.9,10750000,12,12,1
29.0,17500000,15,23,1
38.0,13900000,21,25,1
37.0,13900000,8,17,1
41.5,38999999,11,21,1
43.6,22500000,4,27,1
50.1,16500000,8,14,1
38.0,36800000,14,26,1
39.0,9999980,4,12,1
25.0,9990000,4,4,1
41.3,11314272,12,26,1
66.2,54500000,7,27,1
39.0,22990000,20,22,1
38.8,11200000,7,17,1
42.6,17200000,21,24,1
26.0,10550000,4,4,1
41.0,12800000,19,24,1
34.8,12500000,14,16,1
36.7,8300000,7,14,1
45.8,26000000,7,23,1
38.7,9999999,12,16,1
37.5,11500000,2,19,1
44.5,16000000,24,24,1
38.0,11200000,7,18,1
36.6,14500000,12,17,1
32.4,15900000,5,5,1
38.0,13250000,6,16,1
33.4,11850000,5,9,1
38.0,9400000,10,17,1
35.6,11450000,12,14,1
38.9,9000000,4,8,1
32.7,8900000,6,9,1
43.7,18500000,20,32,1
40.6,10500000,11,16,1
36.0,9990000,10,12,1
33.0,15900000,7,11,1
37.8,15500000,5,14,1
38.8,11700000,3,14,1
38.0,18300000,5,32,1
30.0,10900000,1,8,1
39.0,11500000,5,14,1
32.5,9900000,5,9,1
41.1,13400000,5,22,1
36.0,12850000,22,32,1
46.8,16890000,24,25,1
35.7,12500000,9,25,1
35.8,12900000,5,17,1
36.0,11800000,8,12,1
32.7,9300000,6,12,1
41.4,22200000,8,23,1
33.0,9495000,1,12,1
42.3,15290000,13,16,1
17.0,10790000,2,5,1
39.0,10500000,17,17,1
13.3,4287787,2,6,1
37.6,10900000,16,17,1
32.0,9500000,5,9,1
31.2,13690000,7,9,1
32.0,15999999,6,12,1
34.6,11500000,6,16,1
46.6,10200000,20,25,1
33.3,11800000,12,25,1
32.0,9800000,3,9,1
42.0,10300000,16,19,1
45.0,21500000,5,33,1
35.2,9600000,3,16,1
43.0,14500000,5,9,1
37.0,14600000,4,18,1
31.8,12350000,10,33,1
34.9,8700000,1,16,1
32.6,9950000,4,9,1
46.0,21700000,7,8,1
47.0,13000000,10,19,1
32.0,12500000,10,18,1
44.0,14250000,3,19,1
32.8,18800000,2,10,1
37.0,13700000,13,14,1
47.7,15490000,5,17,1
42.5,26000000,3,22,1
38.4,14900000,15,16,1
42.0,18000000,3,15,1
43.0,30999999,2,24,1
35.0,10499000,8,12,1
31.0,12000000,4,9,1
38.5,27900000,18,24,1
35.2,14000000,12,12,1
42.2,18900000,21,29,1
41.0,14950000,1,30,1
50.3,32900000,4,32,1
45.2,21000000,11,23,1
31.0,10999950,8,8,1
43.5,24500000,11,13,1
36.3,10496388,19,25,1
50.3,32900000,4,32,1
41.3,11314272,17,25,1
41.0,11600000,11,20,1
53.8,7300000,10,15,1
46.5,19170000,13,25,1
38.0,11500000,8,12,1
27.1,11000000,12,16,1
38.6,27400000,8,9,1
37.1,10500000,6,14,1
35.2,10800000,1,12,1
39.0,9600000,2,5,1
38.1,11400000,16,17,1
32.0,11500000,4,9,1
30.4,15500000,1,5,1
34.0,15500000,21,24,1
40.3,12950000,2,13,1
42.1,15700000,10,14,1
38.9,21650000,11,19,1
38.0,22210000,14,16,1
47.0,22990000,14,15,1
40.7,25490000,22,26,1
43.0,28950000,8,8,1
37.3,6800000,14,16,1
42.9,6900000,3,3,1
34.0,9200000,5,9,1
30.8,7290000,12,16,1
28.0,7800000,4,4,1
32.0,11700000,7,9,1
35.0,8898000,7,22,1
39.2,9200000,6,12,1
30.0,13600000,1,9,1
39.0,9300000,6,17,1
39.4,9600000,14,17,1
28.8,13700000,3,5,1
44.0,11899000,17,18,1
45.0,16600000,3,14,1
35.9,9600000,4,17,1
33.0,9900000,20,22,1
38.8,11499998,17,22,1
38.0,15200000,7,22,1
35.0,9650000,18,26,1
31.8,10000000,3,5,1
37.0,13700000,14,16,1
33.0,13200000,8,9,1
34.0,12500000,20,33,1
36.8,10490000,8,14,1
33.0,11999999,6,8,1
48.0,10600000,1,17,1
32.5,10850000,8,9,1
38.4,11600000,9,12,1
41.0,10400000,14,14,1
36.1,9000000,12,21,1
33.0,9399999,4,9,1
34.3,11000000,4,19,1
41.7,12150000,10,14,1
30.4,13500000,5,5,1
38.0,10500000,3,16,1
34.8,9250000,6,9,1
38.9,12750000,3,17,1
35.8,16500000,1,16,1
40.0,16450000,8,19,1
37.5,11300000,1,16,1
32.3,10400000,1,5,1
42.0,11999999,3,16,1
15.5,12500000,22,22,1
35.4,11350000,12,14,1
35.2,11500000,11,14,1
44.9,7850000,3,7,1
32.0,12150000,7,22,1
35.2,12550000,20,22,1
42.0,10700000,5,9,1
33.5,12300000,8,22,1
50.0,12950000,12,12,1
32.6,10500000,7,17,1
39.0,10990000,14,17,1
39.3,9300000,1,17,1
41.5,11800000,23,25,1
46.0,8200000,3,3,1
47.3,15394000,5,8,1
45.2,13700000,20,33,1
46.7,14900000,17,33,1
34.8,12799000,8,9,1
35.0,9500000,3,8,1
30.2,8550000,1,17,1
58.6,15900000,2,6,1
42.2,7999999,9,17,1
37.1,14500000,8,30,1
31.7,16249000,1,12,1
48.0,14800000,2,26,1
34.0,10999000,3,9,1
33.0,10250000,3,9,1
30.8,10000000,5,9,1
47.1,12200000,12,12,1
33.0,10100000,2,12,1
36.7,9250000,15,17,1
49.2,16800000,18,20,1
30.0,16000000,3,25,1
33.0,11500000,6,9,1
32.3,12599000,3,9,1
25.0,11480000,4,14,1
36.0,14500000,11,32,1
38.1,11000000,1,17,1
45.0,16300000,21,24,1
36.8,12900000,12,22,1
30.0,12900000,1,9,1
42.0,16500000,5,17,1
29.0,8700000,2,16,1
45.0,12500000,9,22,1
38.0,10250000,11,17,1
35.2,13900000,15,22,1
32.9,11200000,4,22,1
36.0,17000000,2,18,1
36.0,16900000,20,31,1
35.0,17100000,5,12,1
36.6,17200000,15,22,1
30.0,17500000,15,21,1
42.8,17500000,4,12,1
43.0,17400000,6,17,1
41.0,17499000,10,17,1
35.4,18000000,6,12,1
41.8,18000000,12,25,1
37.0,18000000,8,14,1
47.0,18000000,19,25,1
30.0,17900000,8,10,1
43.2,18000000,12,18,1
26.0,18600000,16,24,1
37.5,18500000,9,29,1
37.5,18500000,7,17,1
42.2,19000000,12,14,1
36.3,19990000,11,36,1
45.0,19950000,12,26,1
34.0,19950000,24,26,1
49.4,20000000,3,14,1
62.2,20000000,13,23,1
45.0,20500000,21,28,1
44.3,20500000,21,28,1
42.1,20800000,10,12,1
54.0,20800000,5,14,1
42.1,21000000,8,9,1
36.0,21500000,3,17,1
63.0,21800000,6,24,1
41.0,22000000,10,15,1
30.2,22200000,9,9,1
50.0,22500000,16,21,1
42.1,22400000,22,24,1
44.0,22600000,10,14,1
38.0,22700000,9,24,1
42.0,23200000,18,30,1
47.0,23400000,9,31,1
34.6,23300000,22,22,1
33.2,23500000,3,32,1
43.5,24000000,4,27,1
35.0,24400000,19,26,1
38.3,24500000,9,19,1
49.0,25000000,16,33,1
35.3,25000000,6,34,1
43.0,25000000,5,30,1
48.2,25000000,22,22,1
47.0,25000000,7,25,1
43.0,25000000,5,32,1
46.0,25900000,21,22,1
43.0,26000000,4,16,1
36.4,26499000,20,36,1
42.0,26450000,6,10,1
53.0,27500000,5,11,1
34.1,28098400,5,6,1
45.6,28900000,4,16,1
42.1,30100000,4,8,1
41.5,30256862,16,20,1
42.0,31390000,12,13,1
49.9,32435000,5,9,1
68.9,33368000,2,26,1
45.0,36900000,3,3,1
45.0,41400000,2,3,1
43.0,42990000,3,20,1
51.0,45000000,2,12,1
31.4,46000000,10,11,1
44.0,49400000,3,5,1
44.5,49400000,3,5,1
50.0,51500000,4,4,1
50.0,65000000,4,8,1
66.1,77966246,4,6,1
10.7,3200000,3,31,1
22.0,3250000,5,5,1
28.0,3900000,2,3,1
15.0,4000000,1,5,1
8.3,4200000,1,14,1
10.0,4490000,3,3,1
13.0,4600000,3,9,1
15.7,4700000,1,24,1
31.1,4850000,4,5,1
14.0,4850000,2,3,1
14.0,4900000,2,4,1
20.6,4950000,1,5,1
18.0,5000000,1,2,1
35.0,5000000,4,4,1
28.5,5000000,5,5,1
36.5,5000000,1,2,1
35.0,5100000,4,5,1
35.0,5100000,3,3,1
33.1,5150000,1,4,1
37.2,5200000,4,4,1
30.0,5200000,5,5,1
17.5,5300000,3,7,1
33.3,5300000,3,4,1
18.0,5400000,3,3,1
30.6,5400000,4,4,1
15.2,5500000,2,2,1
28.8,5500000,1,5,1
30.0,5500000,2,5,1
31.0,5500000,4,4,1
35.3,5600000,2,3,1
28.0,5600000,1,6,1
11.6,5626000,4,4,1
56.0,5600000,4,5,1
14.2,5700000,1,4,1
35.3,5750000,3,4,1
38.4,5800000,4,4,1
40.1,5800000,3,3,1
29.9,5850000,8,9,1
25.0,5899999,6,6,1
25.0,5950000,6,6,1
16.3,5950000,3,6,1
27.0,5990000,3,5,1
18.7,5900000,4,5,1
43.0,5900000,3,9,1
34.02,5900000,1,3,1
42.0,5950000,2,4,1
30.4,5999000,4,5,1
30.3,6000000,3,5,1
41.2,6000000,1,4,1
32.0,6000000,2,2,1
30.1,6000000,1,5,1
28.0,6000000,3,6,1
42.0,6000000,4,7,1
29.4,6100000,4,4,1
35.4,6100000,1,5,1
32.4,6100000,2,9,1
30.5,6100000,1,4,1
17.2,6141432,4,8,1
18.0,6270000,5,5,1
30.4,6200000,2,5,1
15.0,6200000,1,4,1
19.0,6200000,1,5,1
30.0,6300000,1,6,1
27.0,6333000,2,8,1
30.1,6400000,3,5,1
36.1,6400000,1,5,1
40.5,6499000,2,5,1
42.0,6400000,2,5,1
34.3,6400000,4,4,1
40.0,6500000,1,1,1
37.0,6500000,3,5,1
36.0,6500000,6,9,1
28.0,6500000,2,17,1
29.0,6600000,9,12,1
32.5,6700000,2,9,1
31.6,6700000,2,12,1
42.5,6700000,3,5,1
20.3,6749100,5,8,1
36.5,6700000,7,7,1
35.0,6750000,3,3,1
20.0,6799999,3,5,1
30.0,6750000,6,6,1
38.4,6885000,16,17,1
35.0,6840000,1,3,1
30.2,6800000,3,4,1
36.6,6800000,16,17,1
45.0,6800000,2,2,1
26.0,6800000,1,24,1
36.0,6800000,2,3,1
30.0,6800000,17,17,1
30.2,6800000,4,17,1
22.0,6900000,6,8,1
30.7,6900000,4,5,1
27.0,6944049,4,8,1
58.1,6900000,1,5,1
40.0,6999000,2,3,1
28.0,6950000,2,8,1
31.4,6990000,1,17,1
41.3,7000000,1,5,1
40.0,7000000,4,12,1
32.0,7000000,3,4,1
26.0,7000000,2,17,1
35.0,7000000,4,4,1
45.0,7000000,7,7,1
32.1,7100000,6,18,1
19.6,7100000,6,17,1
31.0,7200000,11,17,1
30.2,7200000,11,17,1
32.0,7200000,4,6,1
36.6,7200000,4,16,1
18.4,7200000,4,6,1
29.2,7200000,3,16,1
18.9,7200000,1,7,1
32.5,7200000,1,9,1
29.2,7200000,3,16,1
27.4,7164000,21,21,1
41.3,7168108,6,7,1
45.5,7250000,3,12,1
30.0,7290000,8,14,1
45.6,7250000,9,9,1
19.0,7300000,10,10,1
22.0,7300000,7,9,1
18.0,7300000,1,5,1
28.6,7300000,6,17,1
30.9,7414000,15,16,1
30.2,7350000,3,5,1
15.2,7372000,3,4,1
44.7,7400000,1,3,1
45.0,7400000,1,6,1
28.4,7380000,2,12,1
33.0,7400000,7,9,1
21.0,7450000,1,4,1
30.0,7490000,3,5,1
31.5,7450000,3,5,1
39.2,7500000,2,3,1
36.2,7500000,9,9,1
42.7,7550000,3,3,1
33.0,7500000,1,9,1
24.4,7500000,5,22,1
24.4,7500000,5,22,1
44.6,7500000,4,16,1
39.6,7500000,4,5,1
33.4,7500000,6,6,1
36.08,7500000,8,14,1
33.0,7500000,6,12,1
29.3,7500000,15,16,1
30.0,7500000,10,14,1
36.4,7500000,11,16,1
41.0,7500000,1,6,1
31.0,7500000,4,5,1
20.5,7500000,1,6,1
34.2,7500000,9,22,1
42.7,7500000,2,3,1
31.8,7500000,1,9,1
32.8,7500000,1,9,1
34.5,7600000,15,16,1
39.5,7600000,4,4,1
51.0,7649999,4,9,1
33.2,7600000,1,9,1
27.3,7600000,9,14,1
37.5,7700000,5,15,1
32.8,7700000,2,14,1
40.0,7680000,4,4,1
32.0,7700000,7,9,1
43.7,7700000,6,12,1
32.5,7700000,8,9,1
39.9,7800000,5,24,1
34.6,7800000,2,9,1
30.2,7800000,1,9,1
41.8,7850000,10,17,1
32.6,7850000,9,9,1
35.3,7850000,3,4,1
36.8,7990000,1,16,1
31.4,7900000,1,5,1
37.0,7950000,1,14,1
33.8,7900000,2,14,1
30.7,7900000,2,4,1
30.0,7990000,1,4,1
44.7,7950000,2,3,1
31.5,7990000,8,12,1
34.2,7900000,1,16,1
17.0,7990000,1,5,1
40.8,7900000,17,17,1
34.8,7950000,9,14,1
29.2,7999999,1,12,1
42.0,7999000,2,17,1
24.1,7990000,2,18,1
32.0,7900000,1,5,1
40.0,7900000,4,14,1
26.6,7900000,4,9,1
34.0,7900000,4,6,1
42.0,8000000,9,17,1
38.0,8000000,17,17,1
34.4,8000000,6,8,1
23.0,8000000,1,12,1
42.2,8000000,9,17,1
35.8,8000000,5,14,1
38.0,8000000,3,17,1
32.7,8000000,2,5,1
32.0,8000000,1,5,1
17.5,8000000,5,5,1
35.32,8000000,14,14,1
35.1,8000000,1,4,1
38.0,8000000,7,11,1
41.89,8000000,6,12,1
26.2,8000000,10,14,1
39.3,8000000,8,9,1
35.0,8000000,7,9,1
38.0,8000000,10,15,1
30.3,8000000,1,9,1
40.0,8000000,5,19,1
37.7,8000000,11,12,1
40.9,8000000,1,4,1
42.3,8000000,2,10,1
32.8,8100000,1,9,1
32.4,8100000,1,9,1
32.4,8100000,4,9,1
33.3,8100000,2,9,1
44.7,8100000,5,8,1
32.0,8100000,8,16,1
24.8,8100000,9,9,1
35.0,8100000,1,12,1
44.7,8100000,4,8,1
33.9,8050000,5,12,1
31.0,8050000,14,17,1
35.0,8100000,6,13,1
31.4,8100000,3,4,1
39.4,8100000,5,14,1
26.7,8144670,4,8,1
31.3,8100000,2,9,1
25.0,8150000,6,13,1
33.0,8150000,1,9,1
32.6,8200000,9,9,1
39.1,8200000,5,14,1
32.7,8200000,15,17,1
38.8,8150000,5,14,1
35.3,8200000,25,25,1
33.0,8200000,8,9,1
52.0,8200000,2,3,1
35.4,8200000,14,15,1
43.0,8150000,12,14,1
36.0,8200000,4,10,1
36.08,8250000,7,10,1
37.4,8250000,7,12,1
32.4,8250000,12,12,1
34.5,8260000,5,8,1
34.4,8260197,5,8,1
37.6,8250000,2,14,1
34.0,8250000,11,14,1
33.2,8250000,19,22,1
42.0,8349000,20,23,1
33.1,8300000,8,17,1
34.0,8300000,7,14,1
38.6,8300000,5,12,1
38.0,8300000,1,16,1
42.0,8350000,20,23,1
32.5,8350000,9,14,1
35.0,8300000,8,12,1
36.4,8300000,3,14,1
31.5,8300000,7,12,1
15.1,8305000,2,2,1
18.9,8300000,2,12,1
19.0,8350000,5,6,1
35.0,8350000,1,9,1
33.0,8300000,1,9,1
32.8,8395000,4,9,1
34.0,8300000,16,16,1
32.9,8300000,3,9,1
42.7,8300000,3,10,1
31.7,8350000,1,9,1
32.4,8300000,6,9,1
34.7,8300000,2,9,1
40.0,8390000,3,6,1
31.5,8350000,4,14,1
33.0,8300000,3,10,1
43.4,8300000,12,17,1
32.6,8350000,6,12,1
33.1,8350000,6,9,1
42.2,8499999,2,9,1
33.1,8400000,10,12,1
32.6,8490000,1,9,1
38.5,8400000,2,25,1
32.5,8400000,2,8,1
37.8,8450000,17,17,1
35.0,8400000,2,17,1
32.6,8450000,4,5,1
31.6,8400000,4,17,1
25.0,8400000,13,15,1
35.5,8400000,1,12,1
32.6,8400000,1,9,1
35.0,8400000,5,9,1
34.2,8499999,6,17,1
37.5,8400000,11,19,1
37.9,8400000,2,17,1
43.7,8400000,11,14,1
33.2,8499000,6,9,1
18.0,8450000,1,9,1
31.0,8490000,5,9,1
30.9,8400000,5,14,1
35.1,8400000,1,12,1
34.8,8400000,6,9,1
39.8,8400000,3,12,1
35.0,8400000,12,15,1
28.4,8400000,5,5,1
27.8,8400000,2,5,1
34.1,8500000,14,14,1
32.0,8500000,1,9,1
33.0,8500000,10,17,1
36.4,8500000,20,20,1
35.0,8500000,1,12,1
38.4,8500000,8,14,1
30.5,8500000,2,5,1
34.0,8500000,5,5,1
37.8,8500000,2,5,1
30.1,8500000,1,12,1
35.6,8500000,2,4,1
31.3,8500000,1,9,1
39.8,8500000,10,12,1
35.1,8500000,12,15,1
34.4,8500000,5,15,1
37.4,8500000,12,16,1
39.8,8500000,10,12,1
32.0,8500000,13,14,1
34.9,8500000,5,9,1
39.2,8500000,3,14,1
37.0,8500000,15,17,1
39.8,8500000,10,12,1
34.0,8500000,11,23,1
43.0,8500000,13,14,1
21.0,8500000,2,9,1
32.6,8500000,6,9,1
34.1,8500000,8,16,1
38.0,8500000,15,17,1
37.7,8500000,5,15,1
40.0,8500000,1,6,1
30.0,8500000,7,9,1
39.6,8500000,9,12,1
32.0,8500000,2,9,1
36.0,8500000,3,13,1
31.5,8500000,1,9,1
33.0,8500000,1,9,1
39.0,8500000,7,14,1
39.8,8500000,22,24,1
22.0,8500000,6,9,1
36.0,8500000,6,15,1
34.7,8500000,3,9,1
40.0,8600000,10,12,1
35.2,8600000,1,5,1
29.3,8600000,5,12,1
31.0,8600000,1,12,1
33.0,8600000,1,12,1
43.13,8600000,4,19,1
32.4,8600000,9,9,1
32.6,8600000,1,9,1
36.5,8600000,1,9,1
42.0,8600000,13,14,1
36.5,8600000,14,14,1
32.0,8600000,2,9,1
36.7,8600000,3,24,1
38.6,8600000,3,4,1
27.7,8600000,6,12,1
32.9,8595000,2,9,1
35.2,8550000,2,12,1
36.2,8600000,1,8,1
38.4,8600000,16,17,1
32.8,8600000,2,9,1
34.0,8600000,6,15,1
33.0,8600000,9,9,1
37.5,8600000,16,21,1
36.8,8600000,2,17,1
31.8,8590000,12,15,1
45.0,8550000,3,3,1
37.1,8600000,11,17,1
39.8,8700000,4,16,1
33.0,8700000,9,9,1
25.9,8700000,9,17,1
39.0,8700000,11,17,1
32.5,8700000,5,9,1
32.7,8650000,5,9,1
38.0,8700000,7,7,1
34.0,8700000,15,22,1
16.0,8700000,2,3,1
32.7,8700000,1,9,1
34.1,8700000,6,17,1
32.0,8700000,8,9,1
37.6,8650000,13,17,1
38.3,8650000,2,10,1
42.7,8700000,12,17,1
31.6,8700000,4,12,1
36.0,8700000,5,9,1
30.0,8700000,9,9,1
44.5,8700000,6,9,1
35.0,8699000,1,4,1
37.5,8700000,14,15,1
36.2,8700000,5,14,1
40.3,8700000,8,19,1
42.2,8700000,11,15,1
32.7,8700000,4,9,1
31.0,8700000,8,9,1
35.0,8700000,7,14,1
37.0,8700000,4,19,1
35.0,8750000,9,9,1
34.8,8750000,15,22,1
32.5,8790000,3,9,1
34.2,8780000,1,12,1
36.0,8800000,8,22,1
32.6,8800000,3,9,1
32.6,8800000,5,9,1
41.0,8800000,6,6,1
37.5,8850000,2,17,1
38.0,8800000,6,12,1
32.9,8850000,6,9,1
35.0,8800000,9,9,1
31.0,8800000,4,16,1
30.6,8800000,2,5,1
31.5,8800000,3,9,1
46.1,8800000,9,9,1
32.6,8800000,3,9,1
39.1,8800000,1,14,1
31.0,8800000,13,16,1
29.6,8800000,2,5,1
36.0,8800000,2,14,1
33.0,8850000,6,18,1
36.0,8850000,9,17,1
39.1,8800000,3,12,1
40.0,8800000,12,12,1
39.2,8800000,1,14,1
36.5,8850000,13,17,1
32.5,8850000,3,9,1
33.9,8800000,1,5,1
34.0,8800000,6,9,1
37.1,8800000,3,8,1
29.7,8850000,1,5,1
32.5,8800000,5,9,1
35.1,8800000,1,12,1
28.5,8900000,11,16,1
34.0,8999999,6,15,1
37.7,8900000,7,17,1
32.8,8990000,9,9,1
35.0,8900000,5,8,1
35.3,8999000,5,12,1
40.0,8900000,5,12,1
46.3,8937000,3,7,1
32.0,8900000,11,12,1
30.0,8990000,5,5,1
33.4,8900000,2,9,1
34.6,8900000,5,5,1
39.3,8900000,7,12,1
32.1,8900000,3,9,1
33.0,8900000,5,9,1
41.0,8990000,5,12,1
46.5,8900000,3,9,1
38.4,8990000,2,10,1
37.9,8900000,11,16,1
41.0,8900000,12,12,1
34.6,8999000,9,9,1
32.0,8900000,9,9,1
37.9,8900000,7,15,1
33.1,8950000,17,17,1
40.3,8999999,15,17,1
38.1,8900000,5,14,1
30.5,8950000,1,9,1
32.5,8900000,3,9,1
39.3,8999000,2,12,1
38.0,8940000,9,17,1
16.0,8990000,1,3,1
38.7,8990000,6,12,1
31.6,8970000,9,9,1
33.3,8990000,1,9,1
33.1,8900000,5,14,1
33.2,8999000,11,14,1
31.3,8900000,3,9,1
33.0,8990000,4,9,1
36.9,8900000,9,14,1
31.3,8999000,1,9,1
34.5,8900000,2,12,1
37.7,8990000,12,17,1
34.8,8950000,2,16,1
37.5,8999999,7,17,1
38.0,8900000,17,22,1
32.4,8900000,1,9,1
34.3,8900000,5,17,1
36.0,8900000,1,17,1
25.2,8900000,3,5,1
31.1,8900000,16,17,1
32.0,8900000,5,9,1
43.5,9000000,12,12,1
38.5,9000000,14,17,1
35.1,9000000,3,17,1
28.5,9000000,9,22,1
26.0,9000000,7,9,1
35.2,9000000,16,16,1
42.0,9000000,2,9,1
32.5,9000000,2,9,1
34.2,9000000,2,9,1
36.2,9090000,12,14,1
35.6,9000000,8,14,1
21.0,9000000,4,9,1
30.8,9000000,3,9,1
37.8,9000000,10,17,1
32.9,9000000,2,9,1
27.5,9000000,16,23,1
21.0,9000000,3,9,1
33.0,9050000,7,9,1
39.0,9000000,13,17,1
38.0,9000000,16,16,1
40.0,9000000,17,17,1
36.0,9000000,7,9,1
36.3,9000000,6,14,1
34.0,9000000,2,9,1
28.1,9000000,1,5,1
32.4,9000000,6,9,1
30.1,9000000,3,5,1
30.1,9000000,5,5,1
31.0,9000000,3,9,1
34.5,9000000,7,13,1
27.2,9000000,14,16,1
34.2,9000000,4,9,1
36.6,9000000,9,12,1
44.6,9000000,2,9,1
40.1,9000000,17,17,1
26.3,9000000,5,7,1
38.0,9000000,1,3,1
40.0,9000000,10,17,1
23.7,9000000,2,5,1
35.1,9000000,11,12,1
32.1,9000000,5,5,1
29.5,9000000,3,12,1
32.5,9000000,5,9,1
25.5,9000000,7,9,1
37.7,9000000,6,17,1
34.5,9000000,6,16,1
33.0,9000000,5,9,1
32.8,9000000,5,9,1
32.7,9000000,7,9,1
38.0,9000000,10,14,1
37.7,9000000,2,15,1
42.0,9000000,5,7,1
34.9,9000000,2,12,1
34.8,9000000,1,12,1
39.0,9000000,3,12,1
32.5,9100000,4,9,1
34.6,9100000,3,16,1
34.3,9100000,4,17,1
32.9,9150000,7,9,1
30.1,9150000,1,9,1
37.9,9150000,10,17,1
26.5,9100000,11,16,1
32.6,9100000,5,9,1
34.3,9150000,6,12,1
36.8,9150000,3,17,1
30.0,9150000,2,9,1
32.2,9100000,1,9,1
33.6,9100000,8,9,1
39.0,9100000,9,24,1
33.0,9110000,5,5,1
32.1,9100000,7,9,1
39.4,9150000,2,14,1
31.7,9150000,11,16,1
37.0,9100000,7,17,1
42.1,9100000,13,14,1
38.4,9100000,2,12,1
36.7,9100000,11,17,1
34.0,9100000,1,16,1
36.8,9150000,5,17,1
39.1,9100000,13,16,1
33.0,9100000,4,9,1
33.5,9150000,5,17,1
34.0,9150000,8,9,1
35.5,9100000,3,22,1
33.0,9150000,5,9,1
27.6,9100000,1,12,1
36.0,9200000,16,24,1
33.3,9200000,1,9,1
31.8,9200000,8,9,1
31.9,9200000,1,5,1
29.8,9200000,1,9,1
35.0,9200000,6,12,1
40.0,9200000,3,22,1
35.5,9200000,11,14,1
35.6,9200000,11,12,1
35.0,9200000,1,14,1
33.0,9200000,12,12,1
32.2,9200000,1,9,1
38.5,9200000,11,19,1
35.5,9200000,3,9,1
35.0,9200000,2,12,1
37.0,9200000,10,18,1
41.3,9200000,14,14,1
34.1,9200000,8,9,1
33.1,9200000,7,9,1
29.8,9200000,7,9,1
36.0,9200000,4,14,1
42.0,9200000,12,14,1
39.7,9200000,2,13,1
60.0,13000000,5,5,2
44.4,10150000,2,9,2
47.0,38000000,5,8,2
46.3,8550000,7,12,2
79.9,29469000,5,8,2
39.0,15690000,4,9,2
67.0,57000000,9,14,2
48.2,6050000,1,9,2
69.4,69900000,2,10,2
52.1,11300000,7,12,2
43.0,13300000,4,5,2
79.0,61500000,5,13,2
71.8,68500000,24,36,2
32.0,15990000,4,5,2
59.7,12500000,4,15,2
72.3,8400000,2,9,2
44.4,11000000,6,9,2
47.0,18700000,7,9,2
66.1,77966246,4,7,2
51.4,23500000,4,17,2
58.0,29960000,10,17,2
50.8,27500000,3,12,2
49.7,17000000,5,9,2
66.1,77966246,4,7,2
38.0,14000000,7,9,2
58.7,26602840,4,8,2
61.3,24400000,20,25,2
32.0,13950000,13,33,2
40.0,16490000,8,9,2
60.0,45000000,4,5,2
54.0,16490000,15,16,2
57.0,28000000,7,11,2
43.1,11200000,4,5,2
54.0,30000000,4,12,2
44.5,18950000,8,8,2
58.8,24400000,1,5,2
38.5,14000000,5,12,2
52.0,35800000,6,13,2
50.0,10950000,4,12,2
100.0,47000000,1,19,2
84.0,59000000,12,19,2
44.9,14340000,4,9,2
63.7,33500000,8,17,2
60.0,19700000,7,9,2
49.5,55000000,3,6,2
93.4,59000000,8,12,2
38.4,10000000,4,12,2
56.0,22200000,6,14,2
50.6,10599999,11,12,2
67.9,36600000,21,23,2
70.0,55900000,14,14,2
58.0,11300000,5,17,2
63.0,76000000,15,32,2
40.0,13200000,6,9,2
85.4,44000000,11,33,2
49.5,55000000,3,6,2
53.0,16950000,8,14,2
54.7,14490000,9,12,2
47.1,10699999,1,9,2
62.0,36900000,20,23,2
44.3,15300000,1,9,2
60.0,59000000,8,28,2
39.0,14750000,9,9,2
50.0,36000000,1,13,2
48.5,11590000,4,9,2
49.2,31000000,12,14,2
49.5,36000000,1,13,2
69.5,22300000,3,14,2
90.0,43900000,10,22,2
51.0,21000000,4,17,2
41.0,53000000,4,21,2
54.0,15599000,4,17,2
61.0,31000000,10,20,2
44.3,10700000,1,5,2
90.0,75500000,10,11,2
66.6,15900000,2,9,2
51.1,49990000,17,34,2
62.9,54000000,8,32,2
51.2,15000000,8,17,2
107.0,47000000,5,21,2
69.0,61999000,9,14,2
53.6,13500000,17,17,2
70.0,50000000,12,13,2
53.5,16590000,8,16,2
50.7,46000000,13,32,2
59.2,20300000,18,19,2
55.0,19000000,13,16,2
57.0,31800000,10,12,2
47.6,13500000,3,9,2
72.3,45000000,6,6,2
67.0,23800000,4,7,2
45.2,32500000,6,14,2
53.0,27500000,18,28,2
53.0,22600000,11,21,2
54.0,12650000,12,17,2
100.8,40000000,15,23,2
74.0,72000000,8,11,2
46.1,10800000,8,9,2
49.0,64000000,3,6,2
75.2,48700000,3,12,2
50.0,30300000,6,7,2
43.0,10950000,1,5,2
38.2,10700000,1,12,2
43.5,15790000,4,9,2
53.5,18750000,5,5,2
40.0,13900000,22,22,2
50.0,66960000,5,6,2
67.8,71900000,2,10,2
44.7,13300000,3,9,2
73.6,35900000,7,22,2
69.0,47000000,2,39,2
45.8,29900000,6,8,2
88.0,69990000,23,34,2
73.5,65000000,10,13,2
54.2,14800000,13,31,2
62.0,35500000,20,28,2
69.4,69900000,2,10,2
45.0,18900000,9,9,2
41.0,16990000,14,14,2
44.3,49400000,3,5,2
69.8,53422848,4,8,2
44.5,12800000,8,9,2
51.8,15499999,11,22,2
53.0,16950000,8,14,2
45.0,17500000,6,12,2
62.7,27000000,18,24,2
63.5,34000000,1,10,2
70.0,40500000,19,24,2
69.0,49900000,4,19,2
85.0,56500000,6,28,2
53.6,9220000,3,3,2
55.0,21700000,12,13,2
65.9,34500000,9,24,2
49.0,46999000,8,10,2
60.2,13200000,8,17,2
78.3,59600000,7,7,2
52.0,26500000,3,8,2
54.2,22500000,3,9,2
54.3,29000000,2,16,2
64.9,19500000,10,16,2
60.0,38000000,2,5,2
53.1,49900000,9,9,2
38.0,13700000,1,12,2
54.0,30500000,2,8,2
73.3,32500000,11,21,2
36.7,12300000,2,9,2
92.7,42500000,6,7,2
58.1,13900000,1,9,2
45.0,34999999,3,7,2
60.0,65000000,11,13,2
52.0,49950000,11,34,2
44.2,20780000,22,24,2
58.0,14450000,2,13,2
49.0,29450000,8,12,2
51.0,14000000,16,17,2
64.3,19490000,9,9,2
51.8,23000000,16,17,2
59.2,38500000,14,15,2
49.5,55000000,3,6,2
58.9,22000000,17,25,2
53.8,8190000,2,3,2
40.2,14500000,14,22,2
38.3,12500000,5,9,2
43.0,15999000,1,9,2
43.1,27700000,5,14,2
50.5,13200000,16,17,2
58.8,33000000,2,7,2
62.4,34000000,5,13,2
39.7,9890000,14,25,2
86.3,41000000,5,34,2
55.5,14300000,4,5,2
47.0,21490000,10,12,2
37.4,13999000,3,9,2
71.0,39800000,11,14,2
50.7,43100000,13,32,2
73.8,42800000,9,13,2
85.9,44000000,16,16,2
66.3,47000000,7,22,2
100.0,54000000,7,22,2
100.0,55000000,23,23,2
78.58,63988000,11,12,2
48.57,65569500,5,6,2
79.4,68400000,19,21,2
74.0,69500000,5,9,2
66.1,77966246,4,7,2
90.0,80000000,3,5,2
53.0,17500000,16,22,2
67.3,24650375,2,10,2
51.8,14000000,16,16,2
44.4,11000000,11,12,2
49.5,16500000,3,23,2
91.0,39750000,15,24,2
58.1,75530000,2,15,2
63.8,13779000,11,17,2
65.0,46000000,17,19,2
57.4,14650000,4,5,2
74.0,33950000,12,25,2
45.2,23300000,8,24,2
60.7,21500000,2,19,2
65.0,62000000,7,20,2
54.0,21000000,10,14,2
57.0,34500000,6,8,2
45.8,39600000,3,7,2
46.9,12600000,1,12,2
46.2,12500000,1,12,2
55.1,32500000,6,11,2
58.5,20200000,6,24,2
59.3,34000000,6,12,2
41.6,12990000,12,16,2
55.3,34800000,11,23,2
45.6,19000000,6,14,2
46.0,31000000,14,24,2
46.1,12700000,2,5,2
43.0,35500000,7,21,2
50.0,13200000,5,9,2
64.1,12600000,17,17,2
63.0,54100000,2,7,2
45.6,15480000,4,12,2
75.3,54000000,13,16,2
45.7,23000000,4,23,2
52.9,16400000,7,24,2
42.0,25800000,14,27,2
50.7,19990000,9,17,2
45.0,24900000,9,37,2
72.6,27500000,7,26,2
52.1,21099000,7,24,2
44.3,28200000,10,33,2
72.0,36990000,13,17,2
46.4,35000000,1,9,2
60.0,15700000,2,18,2
37.0,9900000,9,12,2
62.57,12500000,4,18,2
41.0,29900000,19,20,2
63.3,26000000,3,8,2
47.0,12999999,8,25,2
67.0,29900000,2,16,2
42.9,13800000,3,5,2
53.5,21102750,7,10,2
45.2,12800000,3,9,2
78.0,35500000,3,11,2
53.0,37800000,9,9,2
43.0,12499000,2,12,2
48.2,11000000,6,14,2
83.4,15200000,10,14,2
48.0,10100000,13,17,2
60.0,36000000,2,16,2
44.7,32000000,22,32,2
56.2,16500000,7,19,2
60.0,49950000,4,11,2
36.0,21990000,22,27,2
53.4,16600000,13,14,2
56.3,19790000,2,24,2
71.0,29800000,2,28,2
57.7,21700000,2,22,2
47.0,13300000,11,12,2
59.1,13500000,17,19,2
72.7,12400000,6,7,2
61.5,54200000,2,8,2
35.0,10300000,4,6,2
53.1,13999000,10,15,2
41.7,14890000,2,5,2
56.0,28450000,15,22,2
60.1,16500000,16,17,2
60.0,45000000,4,5,2
64.1,34999999,17,17,2
76.0,35000000,12,27,2
52.0,26000000,3,6,2
37.0,22000000,8,10,2
46.4,12500000,4,12,2
62.0,41200000,22,36,2
60.9,43000000,17,28,2
43.0,13000000,1,5,2
92.5,43883000,3,17,2
44.0,14000000,3,12,2
50.9,12500000,4,14,2
57.0,26000000,7,8,2
47.6,15100000,1,9,2
44.9,14500000,5,5,2
60.0,49950000,4,11,2
57.0,12975000,15,19,2
54.0,34690000,16,31,2
58.0,23200000,5,22,2
53.2,13199000,6,14,2
54.7,15200000,8,25,2
92.0,55950000,12,23,2
41.1,13299990,2,5,2
80.4,41000000,9,9,2
38.3,13200000,15,15,2
52.4,13200000,4,12,2
60.0,60000000,10,10,2
72.0,26300000,3,18,2
84.0,37500000,14,26,2
52.3,15500000,1,12,2
60.7,12800000,4,13,2
91.0,18000000,6,25,2
78.5,45000000,15,16,2
64.5,17990000,10,20,2
35.7,23000000,10,27,2
45.0,26000000,7,27,2
48.0,8500000,9,9,2
46.0,17000000,19,33,2
40.74,24500000,8,13,2
47.0,9100000,5,9,2
64.0,29500000,8,19,2
57.0,28000000,7,19,2
56.3,21500000,13,13,2
82.5,47900000,16,21,2
56.2,12700000,10,11,2
59.4,21500000,5,22,2
47.0,14990000,6,24,2
77.0,53000000,4,9,2
54.0,20000000,11,16,2
53.7,29900000,2,16,2
42.5,13500000,5,5,2
42.8,14100000,3,9,2
73.1,64500000,5,17,2
43.4,10890000,1,9,2
56.7,13700000,12,17,2
44.5,16400000,9,9,2
80.0,32000000,7,8,2
53.34,39975000,9,12,2
50.0,60500000,17,34,2
122.0,74000000,6,6,2
60.0,56000000,4,15,2
61.4,15490000,8,14,2
46.0,30500000,14,26,2
53.0,33000000,3,14,2
61.4,15500000,11,12,2
88.0,51900000,16,21,2
88.0,59350000,9,12,2
32.0,15700000,5,32,2
55.0,56000000,4,28,2
46.5,15700000,7,9,2
49.6,66960000,5,6,2
71.4,79915317,5,7,2
45.8,15999999,17,24,2
40.3,15990000,11,31,2
54.0,16300000,9,15,2
65.7,16750000,8,22,2
62.3,18500000,6,33,2
70.3,17000000,2,3,2
65.8,30000000,16,28,2
46.1,17290000,2,14,2
52.6,17500000,12,14,2
69.0,17500000,6,10,2
51.0,17950000,2,17,2
71.9,39000000,9,9,2
72.0,29000000,3,27,2
34.0,13850000,3,9,2
57.0,30900000,14,24,2
45.3,13500000,5,9,2
51.1,22000000,10,25,2
72.2,12000000,6,9,2
51.1,55000000,17,32,2
63.7,11000000,1,14,2
64.0,27500000,12,33,2
68.0,48000000,3,19,2
45.0,11000000,1,9,2
61.0,23000000,17,25,2
68.8,49900000,4,36,2
45.0,41000000,3,7,2
66.8,19900000,8,15,2
67.2,50499000,4,13,2
66.8,35500000,22,24,2
40.8,13500000,7,9,2
53.1,18400000,1,9,2
82.5,30000000,7,8,2
45.0,10100000,2,12,2
55.4,19500000,2,8,2
53.7,18150000,15,25,2
59.3,7950000,5,9,2
36.5,11000000,4,8,2
60.2,26500000,14,26,2
54.7,22300000,2,5,2
45.8,9500000,5,13,2
53.1,13950000,6,14,2
70.0,39800000,6,18,2
42.0,9700000,8,9,2
61.0,24900000,19,20,2
63.3,22390000,4,7,2
67.5,34000000,4,7,2
44.8,10400000,3,12,2
51.0,13850000,1,16,2
62.3,20000000,10,14,2
44.8,13500000,9,9,2
75.8,42000000,20,32,2
68.0,34950000,10,19,2
40.9,12500000,6,8,2
49.5,21500000,2,17,2
50.3,30000000,15,24,2
48.4,12950000,3,9,2
70.1,43000000,12,16,2
49.9,18000000,7,17,2
42.0,25900000,3,14,2
39.0,27500000,15,20,2
75.0,46700000,5,23,2
64.0,18900000,15,31,2
62.0,21200000,17,22,2
72.8,49000000,18,19,2
80.0,26000000,3,17,2
60.1,19990000,23,25,2
128.6,49900000,2,21,2
56.4,28500000,9,37,2
94.2,67000000,1,19,2
87.0,51200000,11,21,2
45.0,27490000,12,13,2
57.0,29700000,5,33,2
66.2,26499000,8,27,2
77.5,37999999,13,32,2
71.0,47500000,15,19,2
44.3,28200000,10,32,2
72.0,40000000,13,29,2
57.4,27900000,6,8,2
59.1,18200000,13,16,2
54.0,29900000,2,16,2
62.3,8150000,8,9,2
69.0,44000000,8,14,2
43.0,18100000,3,5,2
78.0,23000000,3,7,2
54.0,13000000,1,12,2
68.7,40000000,3,14,2
75.4,41700000,18,32,2
51.0,12449000,2,16,2
64.4,32000000,7,39,2
85.0,36900000,7,37,2
53.0,27000000,8,17,2
68.7,62000000,9,14,2
63.8,13950498,23,25,2
80.0,50000000,9,12,2
52.0,53000000,17,34,2
53.89,62000000,5,21,2
64.75,66999000,6,10,2
52.7,74000000,3,8,2
61.8,74400000,3,4,2
69.0,40500000,18,31,2
50.5,47975000,3,3,2
75.1,64490000,3,4,2
63.4,14200000,3,17,2
44.1,14190000,5,9,2
44.0,14200000,2,9,2
52.1,14400000,10,12,2
54.0,14500000,13,14,2
44.9,14400000,2,5,2
52.0,14400000,17,17,2
44.0,14490000,4,5,2
45.0,14500000,2,5,2
39.0,14700000,3,4,2
44.4,14900000,2,9,2
52.0,14890000,8,9,2
56.0,14900000,1,5,2
56.3,15000000,2,25,2
45.0,15000000,5,9,2
42.9,15000000,8,9,2
53.7,15100000,11,14,2
51.9,15100000,5,12,2
60.0,15100000,4,20,2
56.0,15280000,3,18,2
54.2,15300000,8,16,2
48.8,15500000,20,22,2
60.0,15500000,24,24,2
55.9,15450000,9,16,2
55.6,15500000,5,7,2
42.0,15500000,19,23,2
50.2,15500000,11,14,2
62.9,15600000,2,5,2
32.0,15700000,5,31,2
65.0,15600000,15,22,2
42.0,15700000,5,5,2
54.4,15600000,10,16,2
37.7,15600000,3,9,2
51.0,15880000,3,21,2
46.1,15800000,3,3,2
43.0,16000000,6,9,2
60.0,16000000,15,16,2
62.0,15990000,5,20,2
45.4,15999999,4,5,2
44.7,16200000,8,9,2
50.0,16250000,9,16,2
56.0,16500000,20,25,2
44.0,16500000,5,5,2
53.3,16800000,8,17,2
46.0,16750000,12,19,2
60.0,16990000,6,17,2
62.0,16990000,12,12,2
53.3,16950000,17,17,2
58.5,17200000,12,18,2
57.6,17200000,4,21,2
57.7,17200000,21,24,2
62.1,17200000,2,20,2
44.7,17500000,1,5,2
51.1,17500000,8,10,2
53.0,17450000,9,9,2
50.0,17450000,2,9,2
56.0,17500000,17,24,2
42.0,17800000,7,25,2
45.0,17850000,5,5,2
57.0,17800000,10,15,2
67.4,18000000,21,24,2
60.3,17900000,8,11,2
71.3,17900000,2,5,2
55.0,17950000,2,9,2
44.0,17900000,2,5,2
68.4,18100000,13,22,2
61.1,18300000,3,12,2
54.6,18490000,2,9,2
50.0,18500000,12,24,2
54.0,18500000,12,33,2
53.0,18800000,1,5,2
55.0,19000000,7,25,2
47.5,19000000,14,24,2
56.7,19000000,1,5,2
63.15,19500000,20,22,2
55.3,19500000,2,14,2
51.8,19500000,6,16,2
60.2,19490000,11,21,2
48.0,19690000,8,12,2
43.0,19600000,5,16,2
56.0,19800000,3,5,2
55.4,19950000,10,25,2
58.1,19860000,2,17,2
58.0,20200000,17,17,2
55.0,20900000,14,17,2
61.0,20850000,10,22,2
40.0,21000000,3,9,2
53.0,21080000,12,12,2
62.4,21000000,14,23,2
51.9,21000000,16,22,2
56.8,21500000,5,12,2
37.8,21500000,8,30,2
52.4,21800000,11,21,2
58.0,21900000,18,25,2
61.8,22000000,1,8,2
54.4,22000000,3,8,2
52.0,21990000,6,23,2
55.3,22673000,2,11,2
63.0,22900000,15,33,2
68.3,22975000,18,21,2
51.2,22850000,2,8,2
47.4,22990000,11,21,2
58.0,23000000,11,17,2
48.5,23495000,12,25,2
56.0,23999000,8,25,2
58.9,24200000,3,9,2
55.0,24500000,23,25,2
61.5,25000000,2,5,2
47.0,24950000,7,25,2
59.4,25000000,7,8,2
73.0,24950000,25,32,2
56.5,25400000,2,15,2
47.4,25499000,6,7,2
47.8,25800000,8,8,2
40.0,25800000,17,23,2
80.0,26000000,5,18,2
43.4,25990000,12,12,2
69.9,25999000,20,25,2
69.1,26700000,6,28,2
55.0,27000000,9,10,2
50.0,27000000,5,9,2
56.0,27800000,6,9,2
56.0,28000000,6,20,2
55.2,28000000,2,9,2
55.7,27900000,5,9,2
56.0,28500000,5,10,2
57.4,29000000,1,6,2
68.0,29000000,7,17,2
57.9,28990000,3,9,2
58.0,29500000,3,12,2
59.57,29371134,16,19,2
55.0,29700000,6,22,2
73.5,30000000,7,9,2
85.4,30000000,7,22,2
43.0,29950000,6,8,2
49.9,30300000,6,7,2
57.1,31000000,5,8,2
40.5,30900000,9,9,2
57.0,31200000,9,19,2
74.0,31100000,5,11,2
42.0,31500000,12,13,2
52.0,31400000,9,12,2
60.7,31500000,8,11,2
57.2,31790000,8,12,2
70.0,32320000,11,15,2
55.0,32600000,2,26,2
49.5,32500000,4,16,2
43.0,33217500,4,6,2
70.0,33000000,7,26,2
70.5,33500000,2,23,2
57.0,33900000,23,36,2
52.0,34000000,3,5,2
54.7,34000000,5,11,2
79.6,34000000,11,25,2
51.5,35000000,10,12,2
65.0,35000000,11,37,2
60.2,35000000,10,10,2
60.8,35500000,4,8,2
70.9,36000000,4,10,2
75.1,36000000,5,20,2
71.7,36499999,11,18,2
69.5,36490000,7,7,2
74.1,37000000,4,12,2
57.1,37000000,5,6,2
106.6,37990000,5,27,2
54.0,39000000,3,14,2
52.0,39500000,10,24,2
52.5,39500000,6,15,2
71.0,39650000,16,25,2
48.0,42000000,3,3,2
60.0,42000000,5,8,2
67.0,42600000,7,12,2
71.5,42900000,9,21,2
69.0,43000000,15,20,2
78.0,43500000,7,24,2
51.0,44300000,13,32,2
60.0,45500000,4,24,2
52.0,47000000,4,4,2
63.0,49000000,6,7,2
60.6,50000000,20,33,2
60.0,51900000,10,24,2
54.4,54400000,4,9,2
76.3,56000000,3,24,2
84.0,56500000,6,28,2
56.0,60000000,5,5,2
85.5,64000000,9,17,2
82.3,65000000,1,10,2
55.0,70000000,4,8,2
65.0,70000000,4,6,2
105.0,71900000,10,22,2
116.2,74949000,15,21,2
73.0,79900000,14,19,2
42.5,6700000,6,9,2
42.0,7500000,3,5,2
43.3,7500000,4,5,2
52.4,8100000,11,14,2
40.1,8200000,1,5,2
53.0,8350000,2,3,2
44.3,8900000,9,9,2
45.0,9400000,9,9,2
70.0,9450000,13,17,2
39.1,9600000,1,5,2
42.0,9700000,8,9,2
41.3,9750000,5,5,2
42.8,10000000,1,5,2
44.8,9950000,8,9,2
37.9,10100000,4,12,2
44.0,10500000,2,9,2
45.0,10500000,4,9,2
46.7,10500000,7,14,2
40.8,10600000,1,5,2
36.7,10700000,1,9,2
44.2,10790000,2,12,2
37.1,11000000,5,9,2
47.5,11000000,6,12,2
40.0,11000000,5,24,2
54.4,11350000,9,17,2
40.0,11400000,4,12,2
46.0,11350000,9,9,2
44.8,11420000,12,12,2
43.0,11400000,9,9,2
37.1,11500000,7,9,2
53.6,11500000,14,17,2
44.5,11499999,8,9,2
45.0,11700000,4,7,2
44.7,11800000,9,9,2
35.0,11800000,4,21,2
49.2,11850000,6,16,2
67.4,11950000,3,9,2
50.9,11900000,3,9,2
39.8,11900000,18,24,2
67.0,11950000,7,16,2
40.0,12000000,10,25,2
52.0,12000000,1,12,2
44.7,12100000,8,9,2
39.2,12000000,8,12,2
44.1,12000000,8,9,2
42.2,12000000,9,9,2
44.5,12000000,6,9,2
52.1,12000000,10,14,2
37.9,12200000,4,9,2
42.0,12399000,13,17,2
51.2,12300000,17,17,2
38.0,12300000,3,9,2
54.9,12290000,2,17,2
45.0,12298000,3,9,2
46.0,12400000,4,9,2
60.0,12500000,7,17,2
54.7,12600000,16,17,2
40.9,12500000,6,8,2
44.2,12600000,5,9,2
42.2,12500000,9,12,2
64.0,12500000,5,12,2
51.7,12500000,16,17,2
44.0,12700000,3,9,2
41.0,12700000,13,14,2
51.5,12700000,14,14,2
52.3,12700000,9,9,2
56.0,12700000,8,18,2
44.7,12800000,7,9,2
48.6,12790000,5,9,2
44.7,12800000,3,12,2
47.5,12999996,2,12,2
55.6,12950000,1,5,2
45.5,13000000,2,9,2
58.0,13050000,4,17,2
37.2,13250000,6,12,2
38.8,13200000,7,14,2
63.3,13290000,4,13,2
41.0,13300000,13,25,2
53.9,13300000,1,5,2
47.3,13300000,10,14,2
37.0,13490000,3,16,2
58.0,13500000,6,14,2
44.6,13500000,2,9,2
44.9,13500000,11,12,2
51.1,13500000,2,14,2
53.6,13490000,12,16,2
57.0,13450000,14,16,2
47.0,13500000,3,12,2
44.0,13500000,6,12,2
52.1,13550000,5,12,2
40.9,13700000,5,5,2
52.0,13700000,4,14,2
50.2,13750000,1,17,2
45.0,13800000,4,9,2
44.3,13800000,2,9,2
50.4,13800000,2,14,2
53.5,13800000,14,15,2
43.5,13800000,6,9,2
45.2,13800000,10,14,2
55.0,13800000,11,12,2
53.2,14000000,5,8,2
71.4,13990000,1,4,2
80.0,13990000,7,9,2
40.0,14000000,8,14,2
42.0,14000000,9,9,2
53.7,14000000,4,17,2
56.7,14000000,8,22,2
37.3,13999999,2,9,2
53.0,13950000,13,23,2
45.6,14000000,3,12,2
51.0,13999000,6,17,2
44.3,13990000,1,12,2
51.2,14200000,2,12,2
44.8,14100000,5,9,2
58.2,14299999,16,16,2
56.8,14300000,22,23,2
44.7,14300000,6,12,2
64.0,14500000,7,17,2
51.5,14500000,8,12,2
38.6,14450000,7,14,2
57.1,14600000,5,5,2
63.0,14650000,7,12,2
58.0,14600000,7,22,2
42.1,14700000,10,21,2
44.0,14750000,1,5,2
56.1,14800000,3,17,2
53.4,14800000,9,17,2
38.0,14900000,4,9,2
39.0,14890000,11,12,2
49.4,15000000,16,16,2
43.0,15000000,5,5,2
63.2,15000000,12,18,2
35.0,15000000,5,19,2
51.82,15000000,21,22,2
44.0,15000000,9,9,2
60.5,15000000,1,22,2
52.9,15300000,6,24,2
54.0,15400000,10,12,2
65.0,15400000,4,5,2
43.8,15500000,21,25,2
60.6,15500000,17,23,2
56.7,15500000,14,17,2
40.0,15550000,6,9,2
44.1,15500000,5,9,2
59.1,15499990,17,17,2
40.0,15500000,1,5,2
37.5,15500000,8,9,2
45.0,15690000,6,12,2
44.9,15700000,3,9,2
54.0,15800000,14,14,2
65.0,15800000,8,24,2
70.9,15800000,17,17,2
40.0,15800000,13,32,2
54.0,15890000,4,17,2
58.0,15800000,15,22,2
54.0,15950000,4,5,2
51.0,15900000,10,16,2
53.6,16000000,2,17,2
43.0,16193824,2,5,2
64.3,16300000,17,27,2
34.0,16300000,19,23,2
51.2,16300000,3,9,2
45.4,16200000,2,5,2
41.1,16500000,1,5,2
39.0,16500000,1,22,2
45.0,16400000,3,9,2
53.7,16700000,7,15,2
54.2,16800000,16,17,2
41.6,16800000,2,5,2
57.6,16700000,11,16,2
55.0,16700000,4,14,2
45.0,16800000,8,25,2
41.5,17000000,2,16,2
43.1,16990000,3,14,2
47.0,17000000,3,9,2
54.0,17000000,4,16,2
56.0,16900000,2,22,2
51.4,17000000,11,14,2
55.0,17000000,7,7,2
50.0,16900000,1,10,2
52.0,16900000,3,12,2
58.0,17000000,16,22,2
67.9,16990000,9,11,2
45.0,16950000,3,9,2
59.1,17100000,3,16,2
59.0,17200000,20,22,2
44.6,17500000,6,20,2
65.0,17500000,10,16,2
69.2,17500000,4,14,2
53.6,17500000,14,23,2
44.7,17500000,1,5,2
51.9,17500000,8,12,2
46.0,17450000,8,25,2
52.0,17600000,17,33,2
54.0,17550000,9,17,2
53.5,17700000,14,25,2
54.2,17600000,15,17,2
44.1,17800000,7,9,2
58.0,17800000,11,12,2
63.0,18000000,17,24,2
58.1,18000000,2,17,2
31.9,17900000,8,23,2
35.0,18000000,2,5,2
54.0,17950000,11,17,2
47.0,17940000,3,14,2
43.4,18200000,2,5,2
61.5,18400000,21,22,2
51.8,18500000,3,14,2
53.3,18500000,6,14,2
47.1,18500000,6,12,2
56.3,18800000,6,24,2
54.0,18700000,9,17,2
54.8,18800000,1,14,2
54.0,18999999,1,25,2
57.3,18850000,18,22,2
70.3,18870000,16,16,2
55.7,18900000,11,13,2
52.8,19100000,18,19,2
54.0,19500000,9,31,2
41.0,19500000,2,11,2
66.4,19490000,3,7,2
63.7,19500000,19,33,2
38.0,19500000,7,9,2
50.0,19600000,7,21,2
59.2,20300000,18,19,2
60.4,20300000,10,14,2
56.0,20550000,10,25,2
61.8,20500000,22,24,2
49.8,20499000,16,33,2
40.5,20500000,3,5,2
58.0,20790000,10,17,2
52.0,20990000,15,17,2
52.8,20950000,5,16,2
40.0,21000000,3,9,2
38.4,21000000,3,11,2
50.0,21400000,12,16,2
57.9,21300000,9,22,2
63.7,21500000,6,17,2
65.2,21500000,6,12,2
52.4,21900000,12,14,2
43.2,22000000,9,22,2
60.8,22000000,8,21,2
52.0,22250000,9,22,2
65.0,22500000,2,14,2
70.6,22399999,2,21,2
59.7,22500000,2,19,2
56.4,22500000,2,17,2
60.0,22300000,3,25,2
57.0,22700000,3,24,2
51.1,22900000,8,8,2
40.0,22999990,20,21,2
64.4,23100000,5,8,2
40.0,23000000,16,24,2
65.3,23500000,3,22,2
63.4,23650000,17,17,2
58.0,23900000,2,9,2
38.0,23900000,2,10,2
44.3,23850000,8,8,2
54.6,23800000,13,17,2
59.4,24100000,18,18,2
75.2,24000000,2,16,2
61.8,23990000,2,8,2
69.0,24000000,6,18,2
65.0,24000000,4,4,2
56.2,23990000,8,14,2
57.3,24000000,11,14,2
50.0,23990000,8,24,2
52.0,24000000,6,14,2
53.0,24250000,13,17,2
52.0,24350000,3,14,2
55.0,24250000,23,31,2
69.3,24500000,4,8,2
56.1,24700000,2,17,2
59.35,25000000,9,14,2
65.3,24900000,4,5,2
57.4,24900000,2,9,2
45.0,25200000,9,35,2
62.8,25450000,11,19,2
69.1,25500000,2,21,2
64.0,25500000,4,4,2
62.1,25400000,21,24,2
61.0,25500000,10,29,2
42.0,25900000,4,5,2
61.6,25900000,3,13,2
60.0,26000000,2,21,2
61.0,25990000,8,21,2
61.7,26500000,17,23,2
60.3,26500000,15,17,2
50.0,26700000,3,14,2
62.0,27000000,13,21,2
68.0,27000000,4,6,2
45.0,27000000,12,13,2
54.2,27000000,9,10,2
65.9,27500000,9,25,2
66.0,27500000,2,5,2
67.4,27500000,8,18,2
60.4,27500000,10,12,2
50.0,27500000,1,12,2
63.3,27700000,3,23,2
70.0,28000000,12,21,2
59.0,28000000,7,8,2
48.4,28000000,2,7,2
43.0,27900000,9,25,2
67.2,28000000,5,9,2
44.0,28200000,17,34,2
48.4,28500000,2,12,2
70.6,28900000,10,19,2
58.0,28850000,7,25,2
67.2,28700000,14,14,2
50.0,29000000,12,28,2
67.5,29000000,11,31,2
70.0,29000000,3,11,2
53.0,29000000,3,14,2
49.0,29500000,17,28,2
50.0,29500000,5,13,2
75.9,29700000,3,6,2
57.0,30000000,3,29,2
52.5,30000000,10,12,2
50.0,29990000,12,19,2
66.0,29990000,9,28,2
62.0,30000000,2,24,2
47.0,30400000,14,25,2
51.4,30300300,13,16,2
67.0,30500000,19,20,2
51.5,30990000,5,12,2
66.5,31000000,21,38,2
68.1,30800000,3,30,2
79.7,31200000,2,28,2
44.0,31600000,5,8,2
63.4,31600000,2,8,2
50.3,31500000,18,21,2
50.2,31500000,6,12,2
55.6,32000000,3,6,2
68.0,32000000,3,24,2
63.3,32500000,4,19,2
54.0,32624640,7,22,2
57.0,32590000,10,12,2
50.0,32500000,5,23,2
63.0,32800000,13,29,2
64.0,32900000,25,35,2
62.0,32900000,12,38,2
70.0,33000000,13,21,2
67.0,33000000,17,34,2
60.0,32999000,8,20,2
76.0,33900000,4,20,2
64.0,33920000,12,14,2
58.0,33800000,7,29,2
63.3,34000000,12,14,2
44.0,34000000,6,6,2
73.0,33999999,17,18,2
60.9,34000000,10,11,2
60.0,34900000,14,30,2
45.0,34999999,3,7,2
56.8,35000000,16,20,2
55.8,35000000,8,12,2
77.3,35950000,7,23,2
50.0,35800000,1,13,2
70.6,37000000,9,14,2
102.0,37000000,13,19,2
67.8,37000000,15,18,2
62.0,37199000,5,7,2
54.9,38000000,2,23,2
104.7,39000000,4,5,2
70.0,38900000,9,24,2
83.0,39950000,1,4,2
69.0,40990000,7,14,2
74.5,41500000,8,12,2
83.3,41850000,14,21,2
48.0,42000000,3,3,2
70.0,42500000,17,31,2
54.8,44421428,4,6,2
58.4,45114000,3,6,2
63.0,45000000,4,8,2
72.3,47500000,6,6,2
65.1,48000000,13,17,2
56.3,47850000,1,8,2
98.0,48500000,13,22,2
57.0,49900000,1,6,2
70.0,50000000,7,17,2
80.0,53900000,10,14,2
68.2,58000000,2,9,2
77.4,59000000,8,19,2
70.0,59900000,3,7,2
63.0,62000000,4,11,2
66.4,62000000,8,8,2
68.0,64000000,7,8,2
64.8,65000000,6,9,2
73.5,65000000,10,13,2
47.6,68500000,2,11,2
94.6,70000000,5,7,2
82.0,70000000,12,18,2
97.0,73000000,4,29,2
119.1,75000000,5,5,2
94.0,75000000,4,10,2
76.0,76000000,8,8,2
66.1,77966246,4,7,2
53.0,80000000,5,7,2
61.0,22900000,9,9,3
61.4,30000000,3,5,3
82.0,30000000,12,23,3
78.0,34900000,9,22,3
90.2,9950000,1,3,3
64.4,27000000,12,12,3
51.0,14000000,8,9,3
59.7,21990000,5,5,3
94.2,38234000,6,8,3
50.4,13600000,8,12,3
70.2,20990000,7,12,3
92.0,43400000,2,12,3
83.0,26500000,5,5,3
68.8,57500000,11,13,3
84.5,16500000,14,14,3
68.9,41000000,7,14,3
50.0,11400000,9,9,3
80.6,16199999,1,9,3
91.9,68500000,10,14,3
59.0,13500000,2,12,3
68.3,58000000,3,8,3
75.9,25500000,15,17,3
80.1,73500000,7,9,3
73.9,24990000,7,10,3
80.0,73000000,5,6,3
92.2,77000000,12,14,3
86.4,41000000,5,31,3
106.6,76000000,9,12,3
80.4,44890000,3,10,3
106.6,76000000,9,16,3
65.5,31000000,9,29,3
80.0,73000000,1,5,3
80.0,70000000,5,6,3
95.5,55000000,5,7,3
68.0,57500000,3,28,3
68.0,57500000,3,28,3
78.4,73000000,1,5,3
67.0,57000000,9,14,3
101.1,60963630,6,13,3
65.7,49000000,8,36,3
78.4,73000000,1,5,3
103.0,62900000,2,11,3
83.2,65000000,14,25,3
71.1,67000000,13,14,3
83.6,76076000,23,32,3
83.6,76912000,24,32,3
70.0,30500000,9,38,3
120.9,72200000,6,12,3
83.6,75240000,22,32,3
77.0,46000000,3,6,3
97.2,52500000,15,28,3
68.3,44900000,5,8,3
61.6,22514000,5,30,3
69.6,22500000,6,8,3
76.5,24999999,9,17,3
63.0,20500000,1,12,3
62.0,14600000,6,12,3
110.2,79000000,15,15,3
76.3,22000000,4,10,3
75.7,23800000,7,24,3
75.9,65000000,2,9,3
78.3,35000000,17,17,3
73.0,36900000,4,10,3
69.3,25400000,21,31,3
62.7,12500000,12,12,3
60.0,14200000,7,9,3
85.0,31000000,5,5,3
102.0,57000000,18,36,3
84.0,74000000,17,32,3
69.0,25490000,21,30,3
94.5,59400000,4,20,3
58.0,11700000,6,9,3
96.3,79000000,5,9,3
93.4,23490000,5,5,3
75.0,45500000,10,14,3
65.0,19583000,8,14,3
97.5,47000000,2,28,3
96.9,48800000,19,22,3
68.5,42500000,5,14,3
70.0,40598000,7,14,3
62.0,12999999,9,9,3
69.8,53422848,4,8,3
57.8,14300000,1,9,3
100.0,42900000,9,25,3
73.4,19900000,2,22,3
70.0,53422848,4,8,3
78.2,18000000,4,12,3
114.5,62000000,5,23,3
69.0,40889000,11,14,3
78.0,35000000,17,17,3
53.0,12200000,1,9,3
80.0,39400000,6,25,3
52.8,12700000,7,8,3
90.0,38500000,5,9,3
83.0,61500000,3,13,3
77.0,17900000,5,22,3
83.3,54700000,16,21,3
100.0,46000000,5,7,3
73.0,61988700,5,14,3
53.0,13350000,3,9,3
60.6,20000000,3,9,3
81.0,50000000,2,22,3
90.3,15700000,13,25,3
88.4,48500000,14,22,3
74.7,16400000,12,17,3
68.2,59000000,9,32,3
84.4,75000000,8,32,3
69.0,61500000,12,32,3
56.0,15500000,4,12,3
104.0,44800000,7,29,3
77.6,23000000,10,16,3
84.0,76000000,10,34,3
91.2,31999999,2,16,3
69.0,61500000,11,32,3
105.0,43500000,12,18,3
82.0,33000000,10,12,3
58.7,15000000,1,9,3
71.7,22000000,2,7,3
68.0,35900000,3,8,3
68.4,26500000,2,17,3
99.4,28000000,8,12,3
51.0,25500000,13,18,3
77.9,20000000,2,12,3
77.8,20500000,2,17,3
79.0,35000000,5,10,3
84.0,22500000,9,12,3
48.9,13100000,9,9,3
70.0,40000000,9,9,3
87.6,30800000,2,24,3
99.2,66894500,2,18,3
100.0,60800000,3,4,3
100.0,55000000,3,11,3
103.0,29500000,7,8,3
64.8,22200000,13,24,3
97.1,70327000,2,18,3
68.9,53500000,8,14,3
80.0,36500000,6,6,3
59.9,15900000,9,9,3
56.0,21500000,13,24,3
73.0,21900000,7,17,3
80.0,15990000,18,18,3
109.0,75000000,3,6,3
87.8,60900000,11,21,3
86.1,47000000,8,14,3
53.1,29500000,14,32,3
82.0,32000000,6,7,3
104.0,38399000,3,24,3
104.7,72000000,10,22,3
86.5,48900000,21,36,3
108.8,54000000,7,17,3
81.2,60700000,12,12,3
57.5,18380000,1,9,3
101.0,74000000,4,14,3
82.0,21499000,1,5,3
75.1,17200000,11,17,3
60.0,18999999,7,9,3
90.0,23200000,5,14,3
78.0,23300000,2,22,3
66.2,54500000,7,27,3
72.2,25500000,12,16,3
84.7,70000000,14,34,3
77.4,19800000,10,17,3
65.2,16900000,3,5,3
60.0,19990000,1,8,3
85.8,49980000,9,12,3
101.0,47400000,9,10,3
81.6,46950000,4,5,3
88.0,46000000,9,32,3
85.0,39990000,11,26,3
61.0,11500000,1,9,3
73.7,30500000,14,15,3
73.7,23800000,12,17,3
117.0,58500000,10,25,3
94.0,79000000,14,20,3
83.6,18000000,3,10,3
85.0,31000000,19,28,3
76.8,33000000,3,7,3
59.2,38500000,23,34,3
67.0,41500000,22,34,3
68.0,43000000,5,7,3
99.6,44000000,5,21,3
65.2,45300000,18,33,3
60.1,15500000,7,12,3
59.8,15450000,8,9,3
116.0,53000000,18,19,3
60.0,37000000,5,30,3
75.2,13800000,7,17,3
84.2,44900000,5,23,3
90.0,60000000,2,5,3
75.0,44900000,2,5,3
75.0,57000000,5,24,3
70.0,35500000,2,20,3
72.7,26550000,11,16,3
77.5,19950000,18,22,3
71.1,67000000,13,14,3
70.0,45800000,6,33,3
57.9,14500000,1,9,3
100.0,54000000,7,15,3
95.4,52000000,12,13,3
77.0,43500000,3,37,3
106.0,79200000,5,6,3
99.0,69900000,7,10,3
78.0,75000000,5,20,3
78.3,12528000,3,4,3
69.0,52900000,2,4,3
80.0,29500000,2,8,3
114.0,72800000,2,8,3
93.0,39900000,6,7,3
116.0,69000000,13,17,3
88.0,42000000,11,37,3
66.0,54500000,7,24,3
90.0,80000000,2,7,3
62.3,14500000,6,14,3
74.0,19700000,7,12,3
81.2,21500000,6,8,3
69.0,26990000,5,25,3
70.7,31000000,4,34,3
76.9,39999000,8,19,3
70.4,40000000,5,12,3
91.0,40160000,7,12,3
76.6,41000000,13,28,3
86.0,47000000,10,10,3
124.0,47400000,13,23,3
127.5,77000000,6,30,3
63.4,17500000,17,25,3
100.0,44450000,7,16,3
93.2,52000000,13,15,3
68.0,43000000,5,7,3
65.0,17499999,7,9,3
79.5,14990000,3,14,3
110.0,63000000,15,25,3
90.3,69900000,7,24,3
94.0,69500000,9,20,3
90.0,58500000,8,9,3
83.3,41850000,14,21,3
82.1,45000000,10,23,3
78.6,27800000,10,21,3
83.2,41900000,14,21,3
82.1,45000000,10,12,3
77.0,21000000,15,17,3
67.1,10800000,6,8,3
96.0,51750000,4,8,3
82.0,20250000,4,5,3
108.3,69900000,14,31,3
74.5,20000000,7,16,3
82.3,74070000,3,4,3
84.0,21500000,16,17,3
93.0,49900000,18,26,3
70.0,65000000,7,16,3
119.0,68900000,11,21,3
102.0,72000000,2,12,3
101.2,78000000,9,12,3
90.0,80000000,2,7,3
74.0,18300000,10,17,3
69.3,25400000,21,30,3
62.0,26950000,3,4,3
73.0,27500000,2,18,3
95.5,27900000,5,31,3
76.2,27950000,4,17,3
71.0,27999999,8,9,3
57.0,28500000,3,6,3
85.2,28500000,2,14,3
71.0,28800000,15,22,3
80.9,28800000,12,14,3
70.0,28900000,9,15,3
75.0,29000000,7,17,3
65.0,29500000,3,33,3
79.3,29500000,8,30,3
75.1,29500000,4,5,3
73.6,29900000,10,33,3
98.4,30500000,2,5,3
65.7,31000000,11,21,3
73.0,31500000,11,17,3
73.5,32849999,12,16,3
70.1,32990000,14,19,3
80.6,33700000,3,5,3
90.5,34200000,12,20,3
60.4,34490000,7,12,3
77.5,34500000,11,34,3
92.0,34900000,10,23,3
82.0,34950000,4,10,3
76.1,35000000,10,15,3
86.0,35250000,8,10,3
64.0,35000000,2,25,3
63.9,35500000,2,9,3
97.0,35990000,6,16,3
75.0,36500000,2,8,3
74.1,37000000,21,24,3
102.1,36990000,8,24,3
120.0,38200000,5,16,3
84.6,37900000,4,8,3
70.0,38000000,16,25,3
57.0,37900000,8,20,3
70.0,38500000,3,18,3
75.4,38500000,13,27,3
72.0,39000000,5,5,3
108.4,39400000,9,20,3
82.0,39100000,9,27,3
92.1,39900000,10,15,3
80.4,39900000,13,13,3
88.0,39900000,7,9,3
68.7,41000000,11,14,3
70.1,41100000,2,33,3
82.0,41200000,1,20,3
81.25,42000000,6,18,3
95.0,41900000,19,20,3
86.7,43000000,19,39,3
73.2,42990000,13,23,3
101.7,43000000,11,22,3
86.0,43500000,18,22,3
84.0,44000000,2,8,3
73.0,44000000,25,25,3
92.8,45000000,11,32,3
80.0,45000000,5,5,3
82.0,45000000,10,21,3
100.0,45500000,12,38,3
97.5,47000000,2,28,3
90.4,47000000,14,20,3
75.8,48000000,11,25,3
85.0,48000000,11,20,3
76.0,48500000,6,16,3
70.0,49500000,4,18,3
72.0,49800000,3,21,3
86.0,50000000,9,12,3
92.0,50400000,4,8,3
68.9,50800000,10,14,3
105.6,52000000,19,19,3
85.6,52000000,3,37,3
68.6,52500000,8,13,3
99.0,53000000,24,27,3
112.0,53300000,17,27,3
110.0,54200000,22,29,3
126.0,54000000,24,25,3
103.0,55000000,13,22,3
71.0,55000000,7,7,3
68.8,57500000,11,13,3
98.2,58500000,5,18,3
105.0,60000000,2,5,3
97.0,61000000,15,15,3
85.0,61500000,8,20,3
130.0,61900000,14,27,3
93.0,62310000,3,4,3
122.0,62000000,1,18,3
131.0,63700000,19,27,3
106.2,64000000,10,30,3
92.0,63900000,7,13,3
95.59,65000000,10,28,3
124.0,65000000,20,23,3
76.0,65000000,2,9,3
119.0,65900000,11,22,3
130.0,65990000,5,7,3
97.0,66000000,6,9,3
99.1,66892500,2,18,3
79.0,67000000,24,29,3
130.4,68000000,5,27,3
93.6,70200000,14,14,3
112.0,70000000,11,12,3
97.0,70325000,2,18,3
92.2,71500000,12,14,3
92.4,75000000,4,18,3
82.3,75839000,3,4,3
92.4,76000000,5,6,3
114.0,77500000,7,13,3
51.0,10345000,2,9,3
80.8,10400000,8,9,3
51.1,12300000,5,9,3
59.0,12500000,6,9,3
67.2,12800000,8,9,3
58.5,12900000,3,9,3
63.7,12900000,6,12,3
59.6,13450000,6,9,3
52.0,13800000,5,9,3
66.0,14500000,6,12,3
57.7,14500000,1,9,3
54.1,15000000,3,5,3
62.0,15200000,2,14,3
58.0,15100000,6,9,3
73.8,15400000,4,17,3
59.2,15300000,4,5,3
57.7,15300000,1,9,3
59.7,15400000,2,9,3
74.2,15500000,10,16,3
52.0,15990000,5,5,3
52.0,16300000,5,5,3
55.0,16500000,5,5,3
63.5,16400000,7,12,3
74.6,16500000,13,17,3
58.3,16500000,8,9,3
77.0,16499000,5,14,3
61.0,16490000,4,5,3
53.3,16600000,5,5,3
73.0,17000000,8,12,3
53.2,17100000,16,16,3
75.5,17300000,3,14,3
79.5,17500000,1,3,3
83.2,17475035,14,25,3
53.0,17900000,3,9,3
75.0,17990000,8,12,3
73.0,17900000,6,16,3
64.5,17950000,7,12,3
59.5,18800000,15,23,3
89.7,18900000,10,17,3
69.0,18990000,14,14,3
60.0,19500000,6,9,3
54.0,20000000,3,16,3
62.0,20200000,9,12,3
74.1,20500000,3,17,3
72.2,20500000,9,22,3
72.2,20750000,6,14,3
55.0,20900000,2,8,3
65.0,21000000,5,25,3
55.1,21000000,4,9,3
75.0,21355000,9,16,3
55.7,21450000,9,9,3
76.2,21480000,6,17,3
70.0,21500000,22,23,3
79.1,21490000,4,5,3
73.0,21500000,4,5,3
60.0,21500000,8,9,3
56.1,22000000,11,15,3
72.0,22230000,9,17,3
77.1,22500000,11,14,3
61.0,22500000,5,10,3
86.0,22500000,19,24,3
71.9,22450622,17,26,3
60.0,22500000,7,9,3
69.8,22300000,9,13,3
52.4,22700000,8,13,3
61.0,22999000,5,27,3
78.3,22750000,3,5,3
65.0,23000000,3,16,3
75.0,23000000,7,17,3
80.3,23000000,4,10,3
59.2,23000000,3,9,3
63.7,23000000,11,16,3
81.0,23500000,5,25,3
107.0,24500000,1,13,3
79.0,25000000,4,22,3
70.0,25000000,7,8,3
55.0,24900000,2,9,3
68.8,25300000,7,8,3
64.1,25200000,9,16,3
76.0,25350000,6,21,3
74.4,25600000,10,17,3
74.3,25600000,3,13,3
103.1,26400000,2,8,3
55.7,26450000,3,5,3
79.0,26900000,17,22,3
73.8,27000000,8,17,3
84.5,27200000,12,13,3
75.4,27500000,7,12,3
66.8,28000000,5,8,3
76.97,27900000,10,21,3
70.5,27900000,10,14,3
78.0,27970000,4,5,3
54.0,28200000,5,5,3
75.5,28500000,11,22,3
65.0,28800000,16,16,3
77.0,28800000,10,14,3
57.7,29000000,16,18,3
83.3,29300000,2,8,3
67.0,29750000,7,14,3
74.7,29990000,5,26,3
77.7,30000000,10,10,3
78.0,30000000,3,24,3
95.74,30500000,20,25,3
70.7,31000000,4,34,3
77.0,30799990,7,22,3
86.5,30875000,7,9,3
75.0,31125000,16,27,3
70.0,31500000,22,34,3
63.4,31990000,2,20,3
55.0,32600000,2,26,3
113.5,32500000,6,8,3
76.0,33000000,15,22,3
60.0,33000000,3,15,3
84.1,33000000,14,16,3
104.0,33000000,7,10,3
117.0,33900000,4,9,3
74.0,33950000,12,25,3
71.59,34448877,9,28,3
60.9,34900000,2,4,3
59.0,34900000,22,22,3
67.9,35000000,9,29,3
80.0,35000000,7,8,3
79.0,36000000,22,23,3
101.3,36000000,14,21,3
97.0,35900000,3,17,3
70.6,35900000,11,30,3
105.8,36500000,1,18,3
60.0,36500000,10,11,3
83.7,36900000,6,8,3
113.5,37500000,3,12,3
99.99,37990000,12,12,3
97.9,38000000,23,35,3
53.3,37990000,1,9,3
63.7,38390000,23,34,3
98.0,39500000,7,32,3
64.6,40990000,5,10,3
76.0,41690000,5,6,3
68.3,41500000,8,9,3
77.3,41950000,8,10,3
71.0,42000000,5,15,3
75.0,42500000,12,16,3
103.2,43900000,17,27,3
75.0,43900000,3,21,3
74.9,44900000,5,13,3
103.7,45000000,17,21,3
93.6,45000000,20,30,3
95.1,46123500,3,26,3
75.0,46500000,6,18,3
86.4,47500000,8,13,3
85.0,48000000,6,28,3
90.0,48500000,3,11,3
105.0,48500000,9,23,3
72.1,48500000,3,4,3
75.3,49500000,9,35,3
101.0,50000000,4,10,3
73.0,50100000,6,21,3
110.0,50000000,11,24,3
128.6,49999999,6,12,3
120.9,52000000,18,24,3
83.9,52499000,16,23,3
100.8,52990000,11,19,3
109.1,53000000,10,17,3
69.0,53500000,8,14,3
127.0,54000000,24,32,3
82.4,55000000,6,22,3
93.0,55000000,25,32,3
125.0,55500000,13,23,3
61.0,55950000,7,7,3
92.0,56130000,11,16,3
98.0,56000000,3,5,3
105.7,57000000,2,17,3
108.8,59000000,18,20,3
133.3,60000000,25,28,3
67.4,59990000,7,20,3
82.0,60000000,6,12,3
104.0,60400000,3,4,3
101.0,61000000,15,26,3
93.0,61000000,6,17,3
126.0,61700000,18,33,3
80.0,62300000,5,5,3
79.2,62000000,4,29,3
132.0,63000000,14,24,3
128.3,64000000,12,19,3
96.0,64990000,3,5,3
75.0,65000000,3,8,3
88.0,65000000,8,10,3
87.4,67000000,7,8,3
95.7,67800000,3,6,3
64.5,69000000,2,6,3
98.1,72000000,15,21,3
108.2,72000000,12,12,3
70.0,75000000,4,10,3
113.56,75000000,14,24,3
106.3,75000000,8,31,3
93.0,77200000,9,12,3
56.8,9900000,4,9,3
70.0,10750000,2,3,3
62.9,11200000,2,12,3
58.7,11300000,7,9,3
59.0,12300000,5,9,3
64.0,12450000,2,14,3
66.0,12500000,8,14,3
51.4,12800000,9,9,3
51.9,12950000,9,9,3
61.5,13000000,8,12,3
60.8,13200000,6,9,3
60.0,13500000,7,9,3
50.8,13500000,5,9,3
64.2,13800000,6,16,3
74.5,14000000,6,17,3
58.0,14000000,4,9,3
68.0,13950000,7,8,3
100.0,14100000,1,5,3
63.0,14200000,11,12,3
60.0,14299000,3,9,3
58.3,14500000,8,9,3
57.1,14500000,8,9,3
60.0,14500000,4,9,3
47.0,14500000,6,9,3
63.5,14400000,6,12,3
64.2,14850000,3,10,3
65.0,14800000,10,12,3
58.8,15000000,3,9,3
50.0,15000000,14,18,3
50.0,15000000,14,18,3
60.0,15000000,2,9,3
72.0,14990000,4,9,3
59.0,15200000,16,17,3
55.0,15500000,5,5,3
63.4,15500000,3,9,3
67.0,15500000,9,9,3
57.4,15550000,4,9,3
62.0,15500000,8,12,3
58.5,15600000,7,9,3
77.0,15850000,1,17,3
56.4,16000000,5,9,3
63.2,16200000,6,14,3
61.0,16200000,4,9,3
63.1,16500000,2,5,3
79.0,16500000,6,14,3
72.5,16500000,2,14,3
59.5,16500000,1,9,3
69.0,16660000,11,12,3
64.0,16700000,4,14,3
56.3,16790000,7,10,3
88.0,17000000,12,16,3
105.0,16999999,7,11,3
60.0,17000000,9,9,3
75.0,16900000,17,17,3
73.0,17000000,12,18,3
66.2,17100000,1,16,3
58.4,17500000,4,9,3
65.0,17500000,16,16,3
59.7,17499000,9,12,3
53.6,17500000,14,23,3
80.0,17600000,2,5,3
74.6,17800000,1,17,3
71.2,18000000,1,5,3
80.0,18000000,1,9,3
67.9,18000000,6,14,3
60.0,17980000,6,9,3
85.1,18000000,5,17,3
75.0,18500000,6,12,3
83.1,18500000,1,22,3
85.0,18500000,11,14,3
60.0,18500000,8,9,3
60.0,18500000,3,9,3
47.0,18500000,3,6,3
83.0,18500000,16,17,3
78.4,18650000,5,5,3
74.0,19100000,17,17,3
63.2,19300000,3,12,3
65.0,19500000,3,14,3
75.9,19500000,2,22,3
75.6,19500000,1,10,3
81.8,19500000,4,18,3
58.1,19500000,4,5,3
76.0,19500000,15,17,3
90.2,19500000,3,17,3
77.2,19750000,1,9,3
63.3,19700000,9,12,3
90.0,19600000,6,9,3
70.3,19890000,4,8,3
71.0,19900000,7,17,3
65.7,19800000,16,21,3
83.0,19900000,16,17,3
57.0,20000000,2,19,3
54.0,20000000,1,9,3
75.0,20250000,2,7,3
93.3,20700000,11,12,3
77.1,20940000,8,13,3
82.2,21000000,13,14,3
68.0,21300000,13,16,3
60.0,21300000,6,9,3
89.9,21500000,6,24,3
58.4,21600000,13,25,3
75.0,21500000,8,16,3
80.0,21750000,14,16,3
57.7,22000000,4,9,3
100.0,22000000,1,5,3
56.0,22000000,5,5,3
56.0,22000000,2,9,3
64.8,21900000,4,16,3
64.7,22100000,5,16,3
75.0,22300000,16,17,3
72.6,22300000,5,5,3
68.0,22400000,5,12,3
72.0,22700000,4,5,3
74.4,22700000,1,5,3
82.0,22990000,2,17,3
56.8,22800000,2,5,3
78.0,23000000,4,16,3
64.7,23000000,10,16,3
61.0,23000000,16,22,3
68.7,23500000,13,17,3
93.0,23900000,11,18,3
82.0,23900000,12,17,3
55.5,24000000,23,31,3
75.5,23990000,12,12,3
65.0,24000000,3,4,3
124.5,24000000,9,13,3
55.0,24600000,8,17,3
64.8,24500000,7,14,3
73.5,24500000,14,17,3
73.0,24500000,18,22,3
85.0,24730000,12,14,3
63.2,24650000,4,5,3
64.0,24800000,3,12,3
93.0,25000000,4,5,3
75.1,25000000,9,11,3
76.7,25000000,5,17,3
70.0,25000000,4,7,3
74.0,25000000,15,17,3
74.2,25500000,15,22,3
70.2,25500000,8,16,3
73.0,26000000,13,16,3
71.8,26400000,6,18,3
77.0,26449000,7,13,3
68.5,26300000,6,24,3
57.1,26500000,5,8,3
63.8,26900000,8,16,3
76.0,26990000,5,15,3
79.0,26700000,3,5,3
100.1,26741000,6,8,3
60.0,27000000,11,31,3
73.3,27000000,4,21,3
71.2,27000000,4,5,3
55.0,27000000,4,5,3
70.0,27450000,6,16,3
81.4,27500000,2,26,3
71.6,27600000,5,5,3
77.0,28000000,12,16,3
90.0,27950000,5,5,3
60.1,28500000,8,31,3
64.2,29000000,6,7,3
84.0,28990000,7,17,3
91.6,29200000,6,10,3
76.2,29000000,2,14,3
73.4,29700000,3,33,3
56.0,29900000,4,4,3
45.8,29900000,6,8,3
70.5,30000000,10,22,3
83.1,29900000,12,12,3
83.0,29800000,7,23,3
69.0,29900000,2,8,3
71.0,31000000,7,10,3
88.4,30950000,6,17,3
92.6,31000000,3,8,3
70.0,31000000,4,34,3
62.0,31000000,9,14,3
75.0,31000000,4,34,3
82.1,31300000,7,7,3
96.2,32300000,12,33,3
58.9,32300000,6,12,3
71.0,33199000,11,21,3
76.8,33100000,3,7,3
71.0,33199000,11,21,3
90.1,33500000,20,24,3
93.1,33600000,8,23,3
80.0,33990000,16,22,3
95.7,34000000,5,22,3
85.5,33950000,3,8,3
110.7,34400000,14,23,3
66.7,34795000,13,21,3
81.9,34950000,4,10,3
118.0,34900000,6,9,3
80.5,34900000,3,8,3
65.4,35000000,5,5,3
80.0,35000000,7,7,3
83.2,35000000,24,24,3
75.0,35000000,12,14,3
59.0,35000000,5,12,3
69.4,35000000,5,14,3
76.3,35000000,12,16,3
58.38,35950000,7,16,3
79.8,36100000,10,22,3
70.0,36500000,5,30,3
95.0,36490000,2,25,3
